endereco,Latitude,Longitude
"AVENIDA OLIVEIRA PAIVA, 245 - CIDADE DOS FUNCIONARIOS - FORTALEZA",-3.7982173,-38.5054269
"AVENIDA MONSENHOR TABOSA, 1054 - MEIRELES - FORTALEZA",-3.7244341,-38.5131669
"RUA PADRE PERDIGAO SAMPAIO, 473 - QUINTINO CUNHA - FORTALEZA",-3.7404601,-38.5970462
"AVENIDA DOM  LUIS, 970 - ALDEOTA - FORTALEZA",-3.7350422,-38.4954924
"RUA JOSE TORRES, 1228 - GRANJA PORTUGAL - FORTALEZA",-3.7817343,-38.6105697
"AVENIDA PONTES VIEIRA, 1485 - DIONISIO TORRES - FORTALEZA",-3.7519463,-38.5106296
"RUA ASPIRANTE MENDES, 358 - AEROLANDIA - FORTALEZA",-3.765547,-38.5174549
"AVENIDA VISCONDE DO RIO BRANCO, 3680 - JOAQUIM TAVORA - FORTALEZA",-3.7533984,-38.5234911
"RUA NOGUEIRA ACIOLY, 767 - ALDEOTA - FORTALEZA",-3.7303839,-38.5193036
"RUA PINTO MADEIRA, 1131 - CENTRO - FORTALEZA",-3.732891,-38.5177643
"AVENIDA PROFESSOR GOMES DE MATOS, 1166 - MONTESE - FORTALEZA",-3.7625926,-38.5496614
"RUA 24 DE MAIO, 1230 - CENTRO - FORTALEZA",-3.7325108,-38.5365651
"RUA CONEGO DE CASTRO, 4670 - PARQUE SANTA ROSA - FORTALEZA",-3.8058612,-38.5956361
"RUA CORONEL MATOS DOURADO, 814 - ANTONIO BEZERRA - FORTALEZA",-3.7461713,-38.5876414
"RUA DOUTOR  ALISIO MAMEDE, 463 - VARJOTA - FORTALEZA",-3.7333,-38.4862145
"RUA GRACA ARANHA, 150 - BARRA DO CEARA - FORTALEZA",-3.7063707,-38.5754309
"RUA JOAQUIM NABUCO, 2050 - DIONISIO TORRES - FORTALEZA",-3.7434904,-38.5067627
"AVENIDA AGUANAMBI, 1579 - BAIRRO DE FATIMA - FORTALEZA",-3.7508641,-38.5258697
"AVENIDA ABOLIÃÃO, 2432 - MEIRELES - FORTALEZA",-3.72743,-38.5027955
"AVENIDA WASHINGTON SOARES, 2565 - EDSON QUEIROZ - FORTALEZA",-3.774599,-38.4841269
"AVENIDA SANTOS DUMONT, 3636 - ALDEOTA - FORTALEZA",-3.7386022,-38.4945428
"AVENIDA FRANCISCO SA, 2707 - CARLITO PAMPLONA - FORTALEZA",-3.7201867,-38.5523628
"AVENIDA JOÃO PESSOA, 6094 - DAMAS - FORTALEZA",-3.7635329,-38.5610451
"AVENIDA ANTONIO SALES, 13 - PIEDADE - FORTALEZA",-3.7390828,-38.5246465
"AVENIDA FRANCISCO SA, 3965 - CARLITO PAMPLONA - FORTALEZA",-3.7166418,-38.5630592
"AVENIDA LINEU MACHADO, 560 - PICI - FORTALEZA",-3.7653478,-38.5795156
"RUA.OSCAR ARARIPE,390, S/N - BOM JARDIM - FORTALEZA",-3.7923906,-38.5974407
"AV JORNALISTA TOMAZ COELHO, 2960 - JANGURUSSU - FORTALEZA",-3.8285197,-38.5242931
"RUA PROF HERIBALDO COSTA, 1590 - JOAO XXIII - FORTALEZA",-3.7657097,-38.5896475
"AVENIDA SENADOR FERNANDES TÃVORA, 3281 - GENIBAL - FORTALEZA",-3.7598014,-38.5893832
"RUA OSCAR FRANCA, 51 - BOM JARDIM - FORTALEZA",-3.7944233,-38.5952415
"AVENIDA PRES. CASTELO BRANCO, 4666 - BARRA DO CEARÃ - FORTALEZA",-3.7088386,-38.5710506
"AVENIDA HUMBERTO MONTE, 2550 - BELA VISTA - FORTALEZA",-3.7400865,-38.5703556
"AVENIDA MINISTRO JOSE AMERICO DE ALMEIDA, 1281 - CAMBEBA - FORTALEZA",-3.8105013,-38.4955872
"RUA VITAL BRASIL, 1132 - BONSUCESSO - FORTALEZA",-3.7798545,-38.593703
"AVENIDA JOSE BASTOS, 3250 - RODOLFO TEOFILO - FORTALEZA",-3.7483352,-38.5516195
"AVENIDA ROGACIANO LEITE, 401 - SANTA LUZIA DO COCO - FORTALEZA",-3.7618563,-38.4957986
"AVENIDA BORGES DE MELO, 1277 - VIÃA UNIÃO - FORTALEZA",-3.7600848,-38.5329122
"RUA PERGENTINO MAIA, 177 - MESSEJANA - FORTALEZA",-3.8305837,-38.4963735
"AVENIDA ODILON GUIMARAES, 1600 - LAGOA REDONDA - FORTALEZA",-3.8137594,-38.4678116
"AVENIDA GODOFREDO MACIEL, 2560 - MONDUBIM - FORTALEZA",-3.797994,-38.5732399
"AVENIDA ALBERTO CRAVEIRO, 4547 - BOA VISTA - FORTALEZA",-3.7908855,-38.5201682
"AVENIDA MISTER HULL, 3112 - ANTÃNIO BEZERRA - FORTALEZA",-3.7366753,-38.5748323
"AVENIDA ESTRADA BARAO DE AQUIRAZ, 2530 - COACU - FORTALEZA",-3.8487928,-38.4794827
"AVENIDA ALBERTO CRAVEIRO, 4547 - DIAS MACEDO - FORTALEZA",-3.7908855,-38.5201682
"AVENIDA JOAO PESSOA, 4901 - DAMAS - FORTALEZA",-3.7552097,-38.5542862
"RUA VITORIA, 1255 - HENRIQUE JORGE - FORTALEZA",-3.7636317,-38.5899268
"AVENIDA GAL OSORIO DE PAIVA, 1851 - VIL PERY - FORTALEZA",-3.7836532,-38.5814862
"AVENIDA BENJAMIM BRASIL, 404 - MONDUBIM - FORTALEZA",-3.8043013,-38.572087
"RUA VITAL BRASIL, 1142 - BONSUCESSO - FORTALEZA",-3.7797476,-38.5939654
"RUA VINTE E QUATRO DE MAIO, 1,23 - CENTRO - FORTALEZA",-3.7227741,-38.5332505
"AVENIDA JOSE BASTOS, 4600 - PAN AMERICANO - FORTALEZA",-3.7567088,-38.5603013
"RUA PADRE VALDEVINO, 999 - ALDEOTA - FORTALEZA",-3.7395095,-38.5178036
"RUA THEODOMIRO DE CASTRO, 410 - ÃLVARO WEYNE - FORTALEZA",-3.7183723,-38.5752962
"AVENIDA SENADOR VIRGILIO TAVORA, 2633 - DIONISIO TORRES - FORTALEZA",-3.7495107,-38.4995135
"RUA ALMIRANTE RUBIM, 1660 - MONTESE - FORTALEZA",-3.7719291,-38.5596775
"AVENIDA ALBERTO CRAVEIRO, 1973 - BOA VISTA - FORTALEZA",-3.7970175,-38.5206786
"AVENIDA WASHINGTON SOARES, 9333 - GUAJERU - FORTALEZA",-3.8330047,-38.4849018
"AVENIDA BORGES DE MELO, 1525 - G - ALTO DA BALANÃA - FORTALEZA",-3.7327193,-38.5682134
"AVENIDA GAL. OSORIO DE PAIVA, 4530 - BOM JARDIM - FORTALEZA",-3.7982237,-38.5987863
"AVENIDA AUGUSTO DOS ANJOS, 472 - PARANGABA - FORTALEZA",-3.7726213,-38.5752053
"AVENIDA PRESIDENTE COSTA E SILVA, 898 - MONDUBIM - FORTALEZA",-3.8131318,-38.5742167
"RUA RIO GRANDE DO SUL, 1240 - DEMOCRITO ROCHA - FORTALEZA",-3.7593193,-38.5708282
"R.CLARINDO DE QUEIROZ,800, S/N - CENTRO - FORTALEZA",-3.7322325,-38.5339589
"AVENIDA AUGUSTO DOS ANJOS, 997 - PARANGABA - FORTALEZA",-3.7767168,-38.578334
"AVENIDA RADIALISTA JOAO RAMOS, 1700 - PLANALTO AYRTON SENNA - FORTALEZA",-3.8422752,-38.5751376
"AVENIDA MISTER HULL, 5608 - ANTÃNIO BEZERRA - FORTALEZA",-3.7396764,-38.5970813
"AVENIDA ALBERTO CRAVEIRO, 4547 - PASSARÃ - FORTALEZA",-3.7935999,-38.5301698
"AVENIDA HERACLITO GRACA, 1510 - ALDEOTA - FORTALEZA",-3.738052,-38.5140505
"AVENIDA CORONEL CARVALHO, 920 - VILA VELHA - FORTALEZA",-3.7102945,-38.5925156
"RUA EQUADOR, 47 - MONTESE - FORTALEZA",-3.768862,-38.5530527
"AVENIDA GODOFREDO MACIEL, 3959 - MONDUBIM - FORTALEZA",-3.8099379,-38.5764316
"AVENIDA ROGACIANO LEITE, 401 - PATRIOLINO RIBEIRO - FORTALEZA",-3.7621202,-38.4958497
"AVENIDA AMERICO BARREIRA, 5525 - DEMOCRITO ROCHA - FORTALEZA",-3.7602831,-38.5665726
"AVENIDA ROGACIANO LEITE, 1057 - GUARARAPES - FORTALEZA",-3.7660918,-38.4990872
"RUA FRANCISCO LEANDRO, 250 - CURIO - FORTALEZA",-3.8244557,-38.4812784
"AVENIDA ENGENHEIRO SANTANA JUNIOR, 2900 - PAPICU - FORTALEZA",-3.746769,-38.4925155
"RUA FELINO BARROSO, 52 - FATIMA - FORTALEZA",-3.74288,-38.5313906
"RUA   DIOGO CORREIA, 210 - JOÃO XXIII - FORTALEZA",-3.772212,-38.5920499
"AVENIDA PRESIDENTE COSTA E SILVA, 3602 - PREFEITO JOSE WALTER - FORTALEZA",-3.8244019,-38.5515483
"RUA PADRE PEDRO DE ALENCAR, 54 - MESSEJANA - FORTALEZA",-3.8282867,-38.4964197
"RODOVIA BR-116, 11055 - PARQUE SANTA MARIA - FORTALEZA",-3.8451561,-38.5003437
"RUA VALPARAISO, 700 - CONJUNTO PALMEIRAS - FORTALEZA",-3.8436925,-38.5287538
"RODOVIA BR-116, 6262 - MESSEJANA - FORTALEZA",-3.7758643,-38.5183147
"AVENIDA MINISTRO JOSE AMERICO, 1281 - PARQUE IRACEMA - FORTALEZA",-3.8079626,-38.4914575
"AVENIDA OSCAR ARARIPE, 1448 - BOM JARDIM - FORTALEZA",-3.7895734,-38.6066477
"RUA DOUTOR JOAQUIM FROTA, 1000 - JOSE DE ALENCAR - FORTALEZA",-3.8012786,-38.47176
"AVENIDA D, 1289 - CONJUNTO CEARA - FORTALEZA",-3.7637168,-38.6046859
"AVENIDA DOUTOR SILAS MUNGUBA, 5555 - BOA VISTA - FORTALEZA",-3.8030545,-38.5307597
"RUA DOUTOR  ALFREDO WEYNE, 349 - ÃLVARO WEYNE - FORTALEZA",-3.7184156,-38.5752588
"RUA PADRE PERDIGAO SAMPAIO, 377 - ANTONIO BEZERRA - FORTALEZA",-3.7398457,-38.597076
"AVENIDA RADIALISTA JOAO RAMOS, 2296 - PLANALTO AYRTON SENNA - FORTALEZA",-3.840805,-38.5795329
"RUA SAO  JOSE, 100 - CENTRO - FORTALEZA",-3.7262526,-38.5263681
"AVENIDA VISCONDE DO RIO BRANCO, 5541 - AEROLANDIA - FORTALEZA",-3.7587826,-38.5216027
"RUA URUCUTUBA, 1710 - SIQUEIRA - FORTALEZA",-3.7979318,-38.6139832
"AVENIDA SARGENTO HERMINIO SAMPAIO, 2500 - VILA ELLERY - FORTALEZA",-3.7265977,-38.5652844
"RODOVIA ANEL VIARIO, 2121 - ANCURI - FORTALEZA",-3.8657807,-38.5176962
"AVENIDA BERNARDO MANUEL, 7221 - SERRINHA - FORTALEZA",-3.7820701,-38.5486107
"AVENIDA PRESIDENTE CASTELO BRANCO, 1215 - MOURA BRASIL - FORTALEZA",-3.7180994,-38.5409724
"RUA PESSOA ANTA, 35 - CENTRO - FORTALEZA",-3.7210178,-38.5252755
"AVENIDA PRESIDENTE CASTELO BRANCO, 3100 - PIRAMBU - FORTALEZA",-3.7112763,-38.5602484
"AVENIDA JOAO PESSOA, 7100 - PARANGABA - FORTALEZA",-3.7720592,-38.5645774
"RUA ALMIRANTE RUBIM, 1640 - ITAOCA - FORTALEZA",-3.7716411,-38.5596788
"AVENIDA DOUTOR RAUL BARBOSA, 1330 - ALTO DA BALANCA - FORTALEZA",-3.7767529,-38.5157222
"AVENIDA DOS EXPEDICIONARIOS, 4474 - PARREAO - FORTALEZA",-3.7573654,-38.5416564
"AVENIDA JOAO PESSOA, 6094 - DEMOCRITO ROCHA - FORTALEZA",-3.7635214,-38.5610549
"AVENIDA PRESIDENTE COSTA E SILVA, 4007 - PARQUE DOIS IRMAOS - FORTALEZA",-3.8244959,-38.5469398
"AVENIDA MAESTRO LISBOA, 1100 - JOSE DE ALENCAR - FORTALEZA",-3.8081602,-38.4724436
"AVENIDA AMERICO BARREIRA, 4600 - DEMOCRITO ROCHA - FORTALEZA",-3.7567879,-38.5603102
"AVENIDA I (CJ CEARA) - DE 801 AO FIM - LADO IMPAR, 845 - CONJUNTO CEARA II - FORTALEZA",-3.7718539,-38.6060117
"RUA OSCAR FRANCA, 2469 - GRANJA LISBOA - FORTALEZA",-3.7875942,-38.6145406
"AVENIDA BARAO DE STUDART, 3350 - JOAQUIM TAVORA - FORTALEZA",-3.7524027,-38.5150624
"RUA OLAVO BILAC, 120 - SAO GERARDO - FORTALEZA",-3.7336846,-38.5662799
"RUA NOGUEIRA ACIOLI, 767 - CENTRO - FORTALEZA",-3.7305357,-38.5194372
"RODOVIA BR 116 KM 10.4, S/N - MESSEJANA - FORTALEZA",-25.549314,-49.3085765
"AVENIDA GODOFREDO MACIEL, 6060 - MARAPONGA - FORTALEZA",-3.8269994,-38.5826895
"AVENIDA DEPUTADO PAULINO ROCHA, 3003 - CASTELAO - FORTALEZA",-3.809469,-38.5255768
"RUA PEDRO DE SOUSA, 547 - ANCURI - FORTALEZA",-3.852504,-38.5026414
"RUA DOUTOR ALFREDO WEYNE, 349 - ALVARO WEYNE - FORTALEZA",-3.7183767,-38.5752463
"RUA DOUTOR JOSE LOURENCO, 1241 - ALDEOTA - FORTALEZA",-3.7352112,-38.5103343
"AVENIDA CORONEL VIRGILIO NOGUEIRA, 930 - PARQUE SANTA CECILIA - FORTALEZA",-3.7905878,-38.6121851
"RUA ENG ANTONIO FERREIRA ANTERO, 455 - COCO - FORTALEZA",-3.7881419,-38.4836834
"AVENIDA JOVITA FEITOSA, 3175 - PARQUELANDIA - FORTALEZA",-3.7420675,-38.5686245
"AVENIDA MISTER HULL, 3160 - ANTÔNIO BEZERRA - FORTALEZA",-3.7365804,-38.5752248
"AVENIDA DR. THEBERGER, 1620 - COLÔNIA - FORTALEZA",-3.7190027,-38.5692865
"AVENIDA PADRE ANTÔNIO TOMAZ, 945 - ALDEOTA - FORTALEZA",-3.7412005,-38.4979561
"AVENIDA SARGENTO HERMÍNIO, 1176 - MONTE CASTELO - FORTALEZA",-3.7244719,-38.5538573
"AVENIDA BARÃO STUDART, 2936 - ALDEODA - FORTALEZA",-3.7488491,-38.5140982
"AVENIDA SANTOS DUMONT, 6130 - PAPIÇU - FORTALEZA",-3.7432363,-38.4801149
"AVENIDA DEDÉ BRASIL, 1150 - ITAPERI - FORTALEZA",-3.7912299,-38.5547898
"AVENIDA HISTORIADOR RAIMUNDO GIRÃO, 91 - PRAIA DE IRACEMA - FORTALEZA",-3.7202841,-38.5173538
"RUA   DIOGO CORREIA, 210 - JOÃO XXIII - FORTALEZA",-3.7725526,-38.5917147
"RUA CÔNEGO DE CASTRO, 5548 - PARQUE SANTA ROSA - FORTALEZA",-3.811937,-38.5999669
"AVENIDA DA ABOLIÇAO, 3998 - MUCURIPE - FORTALEZA",-3.7252388,-38.4858866
"AVENIDA PRESIDENTE CASTELO BRANCO, 4277 - BARRA DO CEARÁ - FORTALEZA",-3.7077777,-38.5733393
"AVENIDA ABOLIÇÃO, 2432 - MEIRELES - FORTALEZA",-3.7270438,-38.4998037
"AV. DEDE BRASIL, 5,255 - CASTELÃO - FORTALEZA",-3.7941802,-38.5429114
"AVENIDA 13 DE MAIO, 980 - BAIRRO DE FATIMA - FORTALEZA",-3.7502145,-38.5305973
"AVENIDA DOS EXPEDICIONÁRIOS, 9977 - ITAPERI - FORTALEZA",-3.8044682,-38.5554466
"RUA SENADOR ALVARO ADOLFO, 1789 - ANTÔNIO BEZERRA - FORTALEZA",-3.7339853,-38.5866875
"AVENIDA SENADOR FERNANDES TÁVORA, 3281 - GENIBAL - FORTALEZA",-3.7546942,-38.6038929
"RUA OSCAR ARARIPE, 3735 - GRANJA LISBOA - FORTALEZA",-3.783955,-38.6259074
"AVENIDA WASHINGTON SOARES, 4600 - CIDADE DOS FUNCIONÁRIOS - FORTALEZA",-3.798805,-38.4825339
"AVENIDA OLIVEIRA PAIVA, 1414 - CIDADE DOS FUNCIONÁRIOS - FORTALEZA",-3.7958808,-38.4960705
"AVENIDA CARNEIRO DE MENDONÇA, 1158 - DEMOCRITO ROCHA - FORTALEZA",-3.7626109,-38.5718651
"AVENIDA DOS EXPEDICIONÁRIOS, 5154 - MONTESE - FORTALEZA",-3.7654688,-38.544084
"AV. JOSÉ LEON, 1140 - JARDIM DAS OLIVEIRAS - FORTALEZA",-3.7881871,-38.5038235
"AVENIDA AMÉRICO BARREIRA, 4855 - BELA VISTA - FORTALEZA",-3.7574294,-38.5625473
"RUA BARAO DO RIO BRANCO, 2469 - JOSE BONIFACIO - FORTALEZA",-3.7399214,-38.5348993
"RUA MONSENHOR SALAZAR, 1175 - TAUAPE - FORTALEZA",-3.7555114,-38.511856
"RUA PROF GOMES BRASIL, 475 - PARANGABA - FORTALEZA",-3.7718402,-38.5721394
"RODOVIA DOUTOR MENDEL STEINBRUCH, 6060 - ARACAPE - FORTALEZA",-3.8273869,-38.582874
"AVENIDA DR THERBERGE, 1620 - COLONIA - FORTALEZA",-3.7190027,-38.5692865
"AVENIDA RADIALISTA JOAO RAMOS, 1260 - PLANALTO AYRTON SENNA - FORTALEZA",-3.8428247,-38.5717492
"AVENIDA ENGENHEIRO SANTANA JUNIOR, 1240 - PAPICU - FORTALEZA",-3.7387417,-38.4866011
"RUA BARAO AQUIRAZ, 3101 - COACU - FORTALEZA",-3.848511,-38.4797985
"RODOVIA DOUTOR MENDEL STEINBRUCH, 6615 - PLANALTO AYRTON SENNA - FORTALEZA",-3.834331,-38.5842973
"AVENIDA ALBERTO CRAVEIRO, 1347 - BOA VISTA - FORTALEZA",-3.7922442,-38.5198835
"RUA SARGENTO JOAO PINHEIRO, 804 - GRANJA LISBOA - FORTALEZA",-3.7833657,-38.6253636
"AVENIDA GENERAL OSORIO DE PAIVA, 1632 - PARANGABA - FORTALEZA",-3.7817796,-38.5791423
"RUA GODOFREDO MACIEL, 277 - PARANGABA - FORTALEZA",-3.7790533,-38.5669615
"AVENIDA WASHINGTON SOARES, 5501 - JOSE DE ALENCAR - FORTALEZA",-3.807917,-38.4812166
"RUA MARIA BASTOS, 77 - LAGOA REDONDA - FORTALEZA",-3.8079345,-38.4621446
"AVENIDA WASHINGTON SOARES, 6445 - JOSE DE ALENCAR - FORTALEZA",-3.815472,-38.4839232
"AVENIDA GENERAL OSORIO DE PAIVA, 621 - PARANGABA - FORTALEZA",-3.7766465,-38.5698736
"RUA CONEGO DE CASTRO, 9651 - PARQUE PRESIDENTE VARGAS - FORTALEZA",-3.8276752,-38.6094291
"RUA SENADOR POMPEU, 1958 - BENFICA - FORTALEZA",-3.7357514,-38.535071
"AVENIDA GENERAL OSORIO DE PAIVA, 2818 - BONSUCESSO - FORTALEZA",-3.7878855,-38.5886147
"AVENIDA JOAO PESSOA, 6094 - MONTESE - FORTALEZA",-3.7635214,-38.5610549
"RUA EQUADOR (EXPEDICIONARIOS), 47 - MONTESE - FORTALEZA",-3.75719,-38.5528828
"AVENIDA JOAO PESSOA, 5834 - DAMAS - FORTALEZA",-3.7613976,-38.5600909
"RODOVIA QUARTO ANEL VIARIO, 1700 - MESSEJANA - FORTALEZA",-3.859491,-38.5431555
"AVENIDA DEPUTADO PAULINO ROCHA, 2000 - CAJAZEIRAS - FORTALEZA",-3.8109445,-38.5181356
"RODOVIA BR 116, 5541 - ALTO DA BALANCA - FORTALEZA",-3.816829,-38.5483981
"RODOVIA BR 116, 356 - CAJAZEIRAS - FORTALEZA",-3.7896146,-38.5131915
"AVENIDA SEN.FERNANDES TAVORA, 3281 - JOQUEI CLUBE - FORTALEZA",-3.7549529,-38.6041018
"AVENIDA ALBERTO CRAVEIRO, 1200 - BOA VISTA - FORTALEZA",-3.7909003,-38.5201645
"AVENIDA JUSCELINO KUBITSCHEK, 3500 - PASSARE - FORTALEZA",-3.8118794,-38.5312379
"AVENIDA SANTOS DUMONT, 7700 - PAPICU - FORTALEZA",-3.747519,-38.4671026
"RUA DOUTOR PERGENTINO MAIA, 177 - MESSEJANA - FORTALEZA",-3.8305837,-38.4963735
"AVENIDA ODILON GUIMARAES, 2130 - CURIO - FORTALEZA",-3.8205219,-38.4783364
"AVENIDA DA ABOLICAO, 3998 - MUCURIPE - FORTALEZA",-3.7252388,-38.4858866
"AVENIDA JOSE TORRES, 200 - GRANJA LISBOA - FORTALEZA",-3.7765587,-38.609072
"AVENIDA BERNARDO MANUEL, 9977 - DENDE - FORTALEZA",-3.8044682,-38.5554466
"AVENIDA AUGUSTO DOS ANJOS, 1640 - BONSUCESSO - FORTALEZA",-3.7805362,-38.5824445
"RUA PINTO MADEIRA, 1131 - ALDEOTA - FORTALEZA",-3.732891,-38.5177643
"RUA VITAL BRASIL, 2959 - GRANJA LISBOA - FORTALEZA",-3.7756038,-38.6100353
"AVENIDA JUSCELINO KUBITSCHEK, 4547 - PASSARE - FORTALEZA",-3.8218294,-38.5377778
"0        RODOVIA DOUTOR MENDEL STEINBRUCH, 6750 - ARACA...
1        AVENIDA OSORIO DE PAIVA, 6800 - SIQUEIRA - FOR...
2             AVENIDA 13 DE MAIO, 233 - FATIMA - FORTALEZA
3        AVENIDA HERACLITO GRAÃA, 20 - CENTRO - FORTALEZA
4        AVENIDA VISCONDE DO RIO BRANCO, 3826 - SÃO JO...
                               ...                        
35540    AVENIDA BERNARDO MANUEL, 9977 - DENDE - FORTALEZA
35968    AVENIDA AUGUSTO DOS ANJOS, 1640 - BONSUCESSO -...
36331        RUA PINTO MADEIRA, 1131 - ALDEOTA - FORTALEZA
36463    RUA VITAL BRASIL, 2959 - GRANJA LISBOA - FORTA...
36679    AVENIDA JUSCELINO KUBITSCHEK, 4547 - PASSARE -...
Name: endereco, Length: 434, dtype: object",-3.8849888,-38.6314831
