endereco
"RODOVIA DOUTOR MENDEL STEINBRUCH, 6750 - ARACAPE - FORTALEZA"
"AVENIDA OSORIO DE PAIVA, 6800 - SIQUEIRA - FORTALEZA"
"AVENIDA 13 DE MAIO, 233 - FATIMA - FORTALEZA"
"AVENIDA HERACLITO GRAÃA, 20 - CENTRO - FORTALEZA"
"AVENIDA VISCONDE DO RIO BRANCO, 3826 - SÃO JOÃO DO TAUAPÃ - FORTALEZA"
"RUA CONEGO DE CASTRO, 2285 - MANOEL SATIRO - FORTALEZA"
"AVENIDA RUI BARBOSA, 2929 - JOAQUIM TAVORA - FORTALEZA"
"AVENIDA PONTES VIEIRA, 1341 - DIONISIO TORRES - FORTALEZA"
"AVENIDA GENERALOSORIO DE PAIVA, 2818 - BONSUCESSO - FORTALEZA"
"AVENIDA CARAPINIMA, 1756 - BENFICA - FORTALEZA"
"AVENIDA PADRE ANTÃNIO TOMAZ, 945 - ALDEOTA - FORTALEZA"
"AVENIDA TREZE DE MAIO, 1942 - BENFICA - FORTALEZA"
"AVENIDA VISCONDE DO RIO BRANCO, 6450 - AEROLANDIA - FORTALEZA"
"RUA DR. JOSE LOURENÃO, 1735 - ALDEOTA - FORTALEZA"
"RUA FELINTO BARROSO, 52 - FATIMA - FORTALEZA"
"AVENIDA FRANCISCO SA, 2321 - JACARECANGA - FORTALEZA"
"AVENIDA BARÃO STUDART, 2936 - ALDEODA - FORTALEZA"
"AVENIDA VISCONDE DO RIO BRANCO, 3675 - JOAQUIM TAVORA - FORTALEZA"
"RUA LAURO MAIA, 700 - FATIMA - FORTALEZA"
"AVENIDA BARAO DE STUDART, 1670 - ALDEOTA - FORTALEZA"
"PRACA CRISTO REDENTOR, SN - CENTRO - FORTALEZA"
"AVENIDA JOSE BASTOS, 455 - PAN AMERICANO - FORTALEZA"
"RUA CARAPINIMA, 2250 - BENFICA - FORTALEZA"
"AVENIDA GODOFREDO MACIEL, 1725 - MARAPONGA - FORTALEZA"
"RUA PERO COELHO, 271 - CENTRO - FORTALEZA"
"AVENIDA 13 DE MAIO, 1488 - FATIMA - FORTALEZA"
"AVENIDA SANTOS DUMONT, 6130 - PAPIÃU - FORTALEZA"
"AVENIDA SANTOS DUMONT, 5259 - ALDEOTA - FORTALEZA"
"AVENIDA BARAO DE STUDART, 2255 - ALDEOTA - FORTALEZA"
"AVENIDA TREZE DE MAIO, 2235 - GENTILANDIA - FORTALEZA"
"AVENIDA PRES CASTELO BRANCO, 240 - CENTRO - FORTALEZA"
"AVENIDA SANTOS DUMONT, 2035 - ALDEOTA - FORTALEZA"
"RUA COSTA BARROS, 1515 - ALDEOTA - FORTALEZA"
"RUA ISRAEL BEZERRA, 1155 - DIONISIO TORRES - FORTALEZA"
"AVENIDA PESSOA ANTA, 35 - PRAIA DE IRACEMA - FORTALEZA"
"AVENIDA DA ABOLICAO, 3395 - VARJOTA - FORTALEZA"
"AVENIDA PONTES VIEIRA, 2250 - DIONISIO TORRES - FORTALEZA"
"PRACA GUSTAVO BARROSO, S N - JACARECANGA - FORTALEZA"
"AVENIDA RAUL BARBOSA, 900 - PIO XII - FORTALEZA"
"AVENIDA SANTOS DUMONT, 5450 - PAPICU - FORTALEZA"
"AVENIDA ANTONIO SALES, 1340 - ALDEOTA - FORTALEZA"
"AVENIDA HERACLITO GRAÃA, 1510 - ALDEOTA - FORTALEZA"
"AVENIDA ANTONIO SALES, 2880 - DIONISIO TORRES - FORTALEZA"
"AVENIDA ANTONIO JUSTA, 2400 - MEIRELES - FORTALEZA"
"AVENIDA PRESIDENTE CASTELO BRANCO, 3100 - CRISTO REDENTOR - FORTALEZA"
"AVENIDA ENGENHEIRO SANTANA JUNIOR, 2900 - PAPIÃU - FORTALEZA"
"AVENIDA PROFESSOR GOMES DE MATOS, 38 - JARDIM AMERICA - FORTALEZA"
"RUA BARAO DE ARACATI, 1747 - ALDEOTA - FORTALEZA"
"AVENIDA ANTONIO SALES, 902 - ALDEOTA - FORTALEZA"
"AV. DUQUE DE CAXIAS, 959, S/N - CENTRO - FORTALEZA"
"RUA DR. JOSE LOURENÃO, 1241 - ALDEOTA - FORTALEZA"
"RUA CARLOS VASCONCELOS, 2134 - ALDEOTA - FORTALEZA"
"RUA BARAO DO RIO BRANCO, 2469 - CENTRO - FORTALEZA"
"RUA BARAO DE STUDART, 3330 - ALDEOTA - FORTALEZA"
"RUA SENADOR ALENCAR, 1181 - CENTRO - FORTALEZA"
"RUA BARAO DE ARATANHA, 1344 - FATIMA - FORTALEZA"
"AVENIDA AGUANAMBI, 384 - CENTRO - FORTALEZA"
"RUA CORONEL CARNEIRO DA CUNHA, 503 - MONTE CASTELO - FORTALEZA"
"AVENIDA TREZE DE MAIO, 980 - FATIMA - FORTALEZA"
"AVENIDA ENGENHEIRO ALBERTO SA, 1340 - PAPICU - FORTALEZA"
"AVENIDA RAUL BARBOSA, 1330 - SÃO JOÃO DO TAUAPÃ - FORTALEZA"
"RUA SEN. POMPEU, 1958 - CENTRO - FORTALEZA"
"AVENIDA BARAO DE STUDART, 1050 - ALDEOTA - FORTALEZA"
"AVENIDA SANTOS DUMONT, 2484 - ALDEOTA - FORTALEZA"
"AVENIDA SANTOS DUMONT, 3976 - ALDEOTA - FORTALEZA"
"AVENIDA HISTORIADOR RAIMUNDO GIRÃO, 91 - PRAIA DE IRACEMA - FORTALEZA"
"AVENIDA HERACLITO GRAÃA, 575 - CENTRO - FORTALEZA"
"AVENIDA PADRE ANTONIO TOMAS, 3600 - PAPICU - FORTALEZA"
"AVENIDA PRESIDENTE CASTELO BRANCO, 1215 - JACARECANGA - FORTALEZA"
"RUA MONSENHOR SALAZAR, 1175 - PIO XII - FORTALEZA"
"AVENIDA VISCONDE DO RIO BRANCO, 5922 - AEROLANDIA - FORTALEZA"
"AVENIDA AGUANAMBI, 300 - JOSÃ BONIFÃCIO - FORTALEZA"
"AVENIDA PONTES VIEIRA, 1700 - TAUAPE - FORTALEZA"
"AVENIDA MISTER HULL, 3160 - ANTÃNIO BEZERRA - FORTALEZA"
"AVENIDA JOSE BASTOS, 3950 - DAMAS - FORTALEZA"
"AVENIDA DOS EXPEDICIONÃRIOS, 5154 - MONTESE - FORTALEZA"
"AVENIDA CORONEL  CARVALHO, 920 - JARDIM IRACEMA - FORTALEZA"
"AVENIDA JOVITA FEITOSA, 3175 - PASQUELANDIA - FORTALEZA"
"AVENIDA SANTOS DUMONT, 7700 - PAPIÃU - FORTALEZA"
"AVENIDA AMÃRICO BARREIRA, 4855 - BELA VISTA - FORTALEZA"
"AVENIDA BEZERRA DE MENEZES, 216 - FARIAS BRITO - FORTALEZA"
"AVENIDA DR. THEBERGER, 1620 - COLÃNIA - FORTALEZA"
"AVENIDA SARGENTO HERMÃNIO, 1176 - MONTE CASTELO - FORTALEZA"
"AVENIDA SENADOR FERNANDES TAVORA, 1450 - HENRIQUE JORGE - FORTALEZA"
"AVENIDA BEZERRA DE MENEZES, 2323 - SAO GERARDO - FORTALEZA"
"AVENIDA PROFESSOR GOMES DE MATOS, 1065 - MONTESE - FORTALEZA"
"AVENIDA MISTER HULL, 4000 - ANTONIO BEZERRA - FORTALEZA"
"AVENIDA FRANCISCO SA, 5478 - CARLITO PAMPLONA - FORTALEZA"
"AVENIDA CORONEL CARVALHO, 1557 - JARDIM IRACEMA - FORTALEZA"
"AVENIDA BERNARDO MANOEL, 8950 - PASSARE - FORTALEZA"
"AVENIDA SENADOR VIRGILIO TAVORA, 1085 - ALDEOTA - FORTALEZA"
"RUA BARAO DE SOBRAL, 311 - MONTESE - FORTALEZA"
"AVENIDA PRES CASTELO BRANCO, 709 - JACARECANGA - FORTALEZA"
"AVENIDA PROFESSOR GOMES DE MATOS, 915 - MONTESE - FORTALEZA"
"TRAVESSA PARIS, 1133 - PAPICU - FORTALEZA"
"AVENIDA PRESIDENTE COSTA E SILVA, 2721 - PARQUE DOIS IRMAOS - FORTALEZA"
"RUA ENGENHEIRO ALBERTO SA, 246, S/N - NOVA ALDEOTA - FORTALEZA"
"AVENIDA OLAVO BILAC, 120 - ÃLVARO WEYNE - FORTALEZA"
"AVENIDA DESEMBARGADOR MOREIRA, 1621 - ALDEOTA - FORTALEZA"
"RUA FRANCISCO MATTOS, 255 - PAPICU - FORTALEZA"
"RUA ALBERTO MAGNO, 333 - MONTESE - FORTALEZA"
"AVENIDA CESAR CALS, 1641 - PRAIA DO FUTURO - FORTALEZA"
"AVENIDA DEPUTADO OSWALDO STUDART, 888 - FATIMA - FORTALEZA"
"AVENIDA SARG. HERMINIO SAMPAIO, 1500 - MONTE CASTELO - FORTALEZA"
"RUA PROF COSTA MENDES, 2007 - RODOLFO TEOFILO - FORTALEZA"
"AVENIDA FRANCISCO SA, 2815 - JACARECANGA - FORTALEZA"
"AVENIDA VICENTE DE CASTRO, 5700 - MUCURIPE - FORTALEZA"
"AVENIDA SEN.VIRGILIO TAVORA, 330 - MEIRELES - FORTALEZA"
"RUA SENADOR ALVARO ADOLFO, 1789 - ANTÃNIO BEZERRA - FORTALEZA"
"AVENIDA MISTER HULL, 4754 - ANTONIO BEZERRA - FORTALEZA"
"RODOVIA BR 116, SN - MESSEJANA - FORTALEZA"
"AVENIDA ALBERTO CRAVEIRO, 1921/41 - CASTELÃO - FORTALEZA"
"AVENIDA JOSE BASTOS, 1640 - BOM SUCESSO - FORTALEZA"
"AVENIDA SARGENTO HERMINIO, 2500 - ELLERY - FORTALEZA"
"AVENIDA JOAO PESSOA,, 7100 - PARANGABA - FORTALEZA"
"AVENIDA DA ABOLIÃAO, 3998 - MUCURIPE - FORTALEZA"
"AVENIDA CESAR CALLS, 97 - PRAIA DO FUTURO - FORTALEZA"
"AVENIDA BEZERRA DE MENEZES, 285 - FARIAS BRITO - FORTALEZA"
"RUA 15 DE NOVEMBRO, 605 - MONTESE - FORTALEZA"
"AVENIDA MOZART PINHEIRO DE LUCENA, 2400 - QUINTINO CUNHA - FORTALEZA"
"AVENIDA ENG. SANTANA JUNIOR, 1240 - PAPICU - FORTALEZA"
"AVENIDA DEDÃ BRASIL, 1150 - ITAPERI - FORTALEZA"
"AVENIDA DOS EXPEDICIONÃRIOS, 9977 - ITAPERI - FORTALEZA"
"AVENIDA CEL. CARVALHO, 360 - BARRA DO CEARA - FORTALEZA"
"AVENIDA EXPEDICIONARIOS, 240 - MONTESE - FORTALEZA"
"AVENIDA DA UNIVERSIDADE, 3555 - BENFICA - FORTALEZA"
"AVENIDA PRESIDENTE CASTELO BRANCO, 4277 - BARRA DO CEARÃ - FORTALEZA"
"RUA EDUARDO GIRAO, 288 - JARDIM AMÃRICA - FORTALEZA"
"AVENIDA LUCIANO CARNEIRO, 721 - FATIMA - FORTALEZA"
"AVENIDA BEZERRA DE MENEZES, 161 - OTAVIO BONFIM - FORTALEZA"
"AVENIDA MISTER HULL, 3300 - PRESIDENTE KENNEDY - FORTALEZA"
"AV SEN. VIRGILIO TAVORA, 2099 - ALDEOTA - FORTALEZA"
"AVENIDA HUMBERTO MONTE, 560 - RODOLFO TEOFILO - FORTALEZA"
"AVENIDA DOS EXPEDICIONÃRIOS, 4474 - BENFICA - FORTALEZA"
"AVENIDA JOVITA FEITOSA, 464 - PARQUELANDIA - FORTALEZA"
"AVENIDA JOVITA FEITOSA, 1195 - PARQUELÃNDIA - FORTALEZA"
"AV. BEZERRA DE MENEZES, 1759 - SÃO GERARDO - FORTALEZA"
"AVENIDA CARNEIRO DE MENDONÃA, 1158 - DEMOCRITO ROCHA - FORTALEZA"
"AVENIDA PROFESSOR GOMES DE MATOS, 1413 - MONTESE - FORTALEZA"
"AVENIDA PRESIDENTE COSTA E SILVA, 4007 - PASSARÃ - FORTALEZA"
"AVENIDA I, 845 - CONJUNTO CEARA - FORTALEZA"
"AVENIDA WASHINGTON SOARES, 4370 - EDSON QUEIROZ - FORTALEZA"
"RUA BENJAMIM BRASIL, 1585 - MONDUBIM - FORTALEZA"
"AVENIDA WASHINGTON SOARES, 611 - EDSON QUEIROZ - FORTALEZA"
"AVENIDA DESEMBARGADOR GONZAGA, 45 - CIDADE DOS FUNCIONARIOS - FORTALEZA"
"AVENIDA OLIVEIRA PAIVA, 868 - CIDADE DOS FUNCIONARIOS - FORTALEZA"
"AVENIDA CORONEL VIRGÃLIO NOGUEIRA, 930 - PARQUE SANTA CECÃLIA - FORTALEZA"
"AVENIDA GAL OSÃRIO DE PAIVA, 7487 - CANINDEZINHO - FORTALEZA"
"RUA OLIMPIO LEITE, 400 - ALAGADICO NOVO - FORTALEZA"
"RUA MARIA GOMES DE SA, 2150 - ARACAPE - FORTALEZA"
"AVENIDA WASHINGTON  SOARES, 6,6 - CAMBEBA - FORTALEZA"
"RUA ALVARO DE ALENCAR, 787 - CARLITO PAMPLONA - FORTALEZA"
"AVENIDA OSCAR ARARIPE, 3130 - GRANJA LISBOA - FORTALEZA"
"RUA VITAL BRASIL, 2959 - GRANJA PORTUGAL - FORTALEZA"
"AVENIDA JOSE TORRES, 200 - GRANJA PORTUGAL - FORTALEZA"
"RUA MARIA JULIA, 48 - GRANJA PORTUGAL - FORTALEZA"
"AVENIDA JULIO BRAGA, 1999 - JOAO XXIII - FORTALEZA"
"RUA CONEGO DE CASTRO, 6041 - PARQUE SANTA ROSA - FORTALEZA"
"RUA CÃNEGO DE CASTRO, 5548 - PARQUE SANTA ROSA - FORTALEZA"
"AVENIDA LUIS VIEIRA, 835 - PARQUE SAO JOSE - FORTALEZA"
"RUA HERIBALDO COSTA, 450 - HENRIQUE JORGE - FORTALEZA"
"AVENIDA AUGUSTO DOS ANJOS, 472 - JOÃO XXIII - FORTALEZA"
"AVENIDA ROGACIANO LEITE, 986 - GUARARAPES - FORTALEZA"
"AVENIDA GODOFREDO MACIEL, 4015 - MONDUBIM - FORTALEZA"
"AVENIDA A, 855 - CONJUNTO CEARA - FORTALEZA"
"RUA CARLOS CHAGAS, 864 - BOM SUCESSO - FORTALEZA"
"AVENIDA ROGACIANO LEITE, 2400 - COCO - FORTALEZA"
"AVENIDA WASHINGTON SOARES, 4600 - CIDADE DOS FUNCIONÃRIOS - FORTALEZA"
"AVENIDA WASHINGTON SOARES, 5501 - MECEJANA - FORTALEZA"
"AVENIDA OLIVEIRA PAIVA, 2163 - CID FUNCIONARIOS - FORTALEZA"
"AVENIDA GODOFREDO MACIEL, 2400 - MARAPONGA - FORTALEZA"
"RUA PROFESSOR GOMES BRASIL, 475 - PARANGABA - FORTALEZA"
"AVENIDA WASHINGTON SOARES, 1010 - MESSEJANA - FORTALEZA"
"AV. DEDE BRASIL, 5,255 - CASTELÃO - FORTALEZA"
"RUA VITORIA, 577 - HENRIQUE JORGE - FORTALEZA"
"AVENIDA DEDÃ BRASIL, 5555 - PASSARÃ - FORTALEZA"
"AVENIDA DOUTOR SILAS MUNGUBA, 2745 - SERRINHA - FORTALEZA"
"AVENIDA GAL OSORIO DE PAIVA, 2450 - PARANGABA - FORTALEZA"
"RUA GERMANO FRANK, 725 - PARANGABA - FORTALEZA"
"AVENIDA GODOFREDO MACIEL, 6060 - MONDUBIM - FORTALEZA"
"AVENIDA GODOFREDO MACIEL, 3489 - PARANGABA - FORTALEZA"
"RUA AFONSO LOPES, 142 - ITAPERI - FORTALEZA"
"AVENIDA WASHINGTON SOARES, 1370 - EDSON QUEIROZ - FORTALEZA"
"AVENIDA VALDIR DIOGO, 700 - PARQUE SANTO ANTONIO - FORTALEZA"
"AV.GODOFREDO MACIEL, 6380 - MONDUBIM - FORTALEZA"
"AVENIDA GENERAL OSORIO DE PAIVA, 5348 - BOM JARDIM - FORTALEZA"
"AVENIDA DEDÃ BRASIL, 3484 - SERRINHA - FORTALEZA"
"AVENIDA OSORIO DE PAIVA, 621 - PARANGABA - FORTALEZA"
"RUA WALDIR DIOGO, 200 - MONDUBIM - FORTALEZA"
"AVENIDA GODOFREDO MACIEL, 5785 - MONDUBIM - FORTALEZA"
"AVENIDA GODOFREDO MACIEL, 585 - PARANGABA - FORTALEZA"
" AV.OSORIO DE PAIVA,1632, S/N - VILA PERY - FORTALEZA"
"AVENIDA GODOFREDO MACIEL, 277 - PARANGABA - FORTALEZA"
"AVENIDA DEDE BRASIL, 1555 - PARANGABA - FORTALEZA"
"RUA VITAL BRASIL, 1790 - GRANJA PORTUGAL - FORTALEZA"
"RUA EMILIO DE MENESES, 623 - BOM SUCESSO - FORTALEZA"
"AVENIDA MINISTRO JOSE AMERICO, 532 - CAMBEBA - FORTALEZA"
"RUA  STENIO GOMES, 956 - JARDIM DAS OLIVEIRAS - FORTALEZA"
"AVENIDA DOS EXPEDICIONARIOS, 8710 - SERRINHA - FORTALEZA"
"RUA EMILIO DE MENEZES, 1190 - BOM SUCESSO - FORTALEZA"
"RUA DOUTOR THOMPSON BULCAO, 850 - LUCIANO CAVALCANTE - FORTALEZA"
"AV. JOSÃ LEON, 1140 - JARDIM DAS OLIVEIRAS - FORTALEZA"
"AVENIDA COSTA E SILVA, 3101 - JANGURUSSU - FORTALEZA"
"AVENIDA DOUTOR SILAS MUNGUBA, 3485 - SERRINHA - FORTALEZA"
"AVENIDA OLIVEIRA PAIVA, 1414 - CIDADE DOS FUNCIONÃRIOS - FORTALEZA"
"AVENIDA WASHINGTON SOARES, 2050 - ENGENHEIRO LUCIANO CAVALCANTE - FORTALEZA"
"AVENIDA F, 800 - PREFEITO JOSE WALTER - FORTALEZA"
"RUA NEREU RAMOS, 60 - PARANGABA - FORTALEZA"
"AVENIDA DOS EXPEDICIONARIOS, 10775 - ITAPERI - FORTALEZA"
"AVENIDA OSCAR ARARIPE, 3735 - GRANJA LISBOA - FORTALEZA"
"AVENIDA ALBERTO CRAVEIRO, 2585 - CASTELAO - FORTALEZA"
"RODOVIA BR 116, 356 - AEROLANDIA - FORTALEZA"
"RODOVIA BR 116, 9310 - BARROSO - FORTALEZA"
"AVENIDA JORNALISTA TOMAZ COELHO, 410 - MESSEJANA - FORTALEZA"
"RUA FREI CIRILO, 3889 - MESSEJANA - FORTALEZA"
"AVENIDA EDILSON BRASIL SOARES, 1718 - EDSON QUEIROIS - FORTALEZA"
"AVENIDA BORGES  DE  MELO, 1277 - VILA   UNIAO - FORTALEZA"
"RODOVIA BR 116, 10,4 - MESSEJANA - FORTALEZA"
"RUA ENGENHEIRO ANTÃNIO FERREIRA ANTERO, 455 - COCÃ - FORTALEZA"
"AVENIDA CASTELO DE CASTRO, 262 - JANGURUSSU - FORTALEZA"
"AVENIDA CASTELO CASTRO, 459 - JANGURUSSU - FORTALEZA"
"AVENIDA JORNALISTA TOMAZ COELHO, 1878 - JANGURUSSU/MESSEJANA - FORTALEZA"
"AVENIDA ODILON GUIMARAES, 2130 - LAGOA REDONDA - FORTALEZA"
"RODOVIA BR 116 KM 12, 2928 - PARQUE SANTA MARIA - FORTALEZA"
"AVENIDA CAROLINA SUCUPIRA, 330 - ALDEOTA - FORTALEZA"
"RUA CORONEL ERNESTO MATOS, 582 - MESSEJANA - FORTALEZA"
"RUA PADRE VALDEVINO, 1713 - ALDEOTA - FORTALEZA"
"AVENIDA VISCONDE DO RIO BRANCO, 6300 - AEROLANDIA - FORTALEZA"
"AVENIDA .DEP. PAULINO ROCHA, 2000 - CASTELAO - FORTALEZA"
"AVENIDA DESEMBARGADOR MOREIRA, 2528 - DIONISIO TORRES - FORTALEZA"
"AVENIDA ALBERTO CRAVEIRO, 494 - CASTELAO - FORTALEZA"
"RUA PADRE PEDRO DE ALENCAR, 626 - MESSEJANA - FORTALEZA"
"AVENIDA MAESTRO LISBOA, 1680 - LAGOA REDONDA - FORTALEZA"
"AVENIDA DEPUTADO PAULINO ROCHA, 3003 - CASTELÃO - FORTALEZA"
"AVENIDA DR. JOSE ARTHUR DE CARVALHO, 1535 - LAGOA REDONDA - FORTALEZA"
"RODOVIA BR 116, 2620 - CAJAZEIRAS - FORTALEZA"
"AVENIDA PRESIDENTE COSTA E SILVA, 3300 - MONDUBIM - FORTALEZA"
"AVENIDA   ALBERTO CRAVEIRO, 3559 - PASSARE - FORTALEZA"
"RUA DOUTOR PERGENTINO MAIA, 808 - MESSEJANA - FORTALEZA"
"AV. MANOEL MAVIGNIER, 3345 - LAGOA REDONDA - FORTALEZA"
"RUA   PEDRO DE SOUSA, 547 - ANCURI - FORTALEZA"
"AVENIDA DEPUTADO PAULINO ROCHA, 1100 - CAJAZEIRAS - FORTALEZA"
"RODOVIA BR 116, 5885 - AEROLANDIA - FORTALEZA"
"AVENIDA QUARTO ANEL VIARIO, 1700 - MESSEJANA - FORTALEZA"
"AVENIDA DEDE BRASIL, 1530 - ITAPERI - FORTALEZA"
"AVENIDA LUCIANO CARNEIRO, 1990 - VILA UNIAO - FORTALEZA"
"AVENIDA OLIVEIRA PAIVA, 245 - CIDADE DOS FUNCIONARIOS - FORTALEZA"
"AVENIDA MONSENHOR TABOSA, 1054 - MEIRELES - FORTALEZA"
"RUA PADRE PERDIGAO SAMPAIO, 473 - QUINTINO CUNHA - FORTALEZA"
"AVENIDA DOM  LUIS, 970 - ALDEOTA - FORTALEZA"
"RUA JOSE TORRES, 1228 - GRANJA PORTUGAL - FORTALEZA"
"AVENIDA PONTES VIEIRA, 1485 - DIONISIO TORRES - FORTALEZA"
"RUA ASPIRANTE MENDES, 358 - AEROLANDIA - FORTALEZA"
"AVENIDA VISCONDE DO RIO BRANCO, 3680 - JOAQUIM TAVORA - FORTALEZA"
"RUA NOGUEIRA ACIOLY, 767 - ALDEOTA - FORTALEZA"
"RUA PINTO MADEIRA, 1131 - CENTRO - FORTALEZA"
"AVENIDA PROFESSOR GOMES DE MATOS, 1166 - MONTESE - FORTALEZA"
"RUA 24 DE MAIO, 1230 - CENTRO - FORTALEZA"
"RUA CONEGO DE CASTRO, 4670 - PARQUE SANTA ROSA - FORTALEZA"
"RUA CORONEL MATOS DOURADO, 814 - ANTONIO BEZERRA - FORTALEZA"
"RUA DOUTOR  ALISIO MAMEDE, 463 - VARJOTA - FORTALEZA"
"RUA GRACA ARANHA, 150 - BARRA DO CEARA - FORTALEZA"
"RUA JOAQUIM NABUCO, 2050 - DIONISIO TORRES - FORTALEZA"
"AVENIDA AGUANAMBI, 1579 - BAIRRO DE FATIMA - FORTALEZA"
"AVENIDA ABOLIÃÃO, 2432 - MEIRELES - FORTALEZA"
"AVENIDA WASHINGTON SOARES, 2565 - EDSON QUEIROZ - FORTALEZA"
"AVENIDA SANTOS DUMONT, 3636 - ALDEOTA - FORTALEZA"
"AVENIDA FRANCISCO SA, 2707 - CARLITO PAMPLONA - FORTALEZA"
"AVENIDA JOÃO PESSOA, 6094 - DAMAS - FORTALEZA"
"AVENIDA ANTONIO SALES, 13 - PIEDADE - FORTALEZA"
"AVENIDA FRANCISCO SA, 3965 - CARLITO PAMPLONA - FORTALEZA"
"AVENIDA LINEU MACHADO, 560 - PICI - FORTALEZA"
"RUA.OSCAR ARARIPE,390, S/N - BOM JARDIM - FORTALEZA"
"AV JORNALISTA TOMAZ COELHO, 2960 - JANGURUSSU - FORTALEZA"
"RUA PROF HERIBALDO COSTA, 1590 - JOAO XXIII - FORTALEZA"
"AVENIDA SENADOR FERNANDES TÃVORA, 3281 - GENIBAL - FORTALEZA"
"RUA OSCAR FRANCA, 51 - BOM JARDIM - FORTALEZA"
"AVENIDA PRES. CASTELO BRANCO, 4666 - BARRA DO CEARÃ - FORTALEZA"
"AVENIDA HUMBERTO MONTE, 2550 - BELA VISTA - FORTALEZA"
"AVENIDA MINISTRO JOSE AMERICO DE ALMEIDA, 1281 - CAMBEBA - FORTALEZA"
"RUA VITAL BRASIL, 1132 - BONSUCESSO - FORTALEZA"
"AVENIDA JOSE BASTOS, 3250 - RODOLFO TEOFILO - FORTALEZA"
"AVENIDA ROGACIANO LEITE, 401 - SANTA LUZIA DO COCO - FORTALEZA"
"AVENIDA BORGES DE MELO, 1277 - VIÃA UNIÃO - FORTALEZA"
"RUA PERGENTINO MAIA, 177 - MESSEJANA - FORTALEZA"
"AVENIDA ODILON GUIMARAES, 1600 - LAGOA REDONDA - FORTALEZA"
"AVENIDA GODOFREDO MACIEL, 2560 - MONDUBIM - FORTALEZA"
"AVENIDA ALBERTO CRAVEIRO, 4547 - BOA VISTA - FORTALEZA"
"AVENIDA MISTER HULL, 3112 - ANTÃNIO BEZERRA - FORTALEZA"
"AVENIDA ESTRADA BARAO DE AQUIRAZ, 2530 - COACU - FORTALEZA"
"AVENIDA ALBERTO CRAVEIRO, 4547 - DIAS MACEDO - FORTALEZA"
"AVENIDA JOAO PESSOA, 4901 - DAMAS - FORTALEZA"
"RUA VITORIA, 1255 - HENRIQUE JORGE - FORTALEZA"
"AVENIDA GAL OSORIO DE PAIVA, 1851 - VIL PERY - FORTALEZA"
"AVENIDA BENJAMIM BRASIL, 404 - MONDUBIM - FORTALEZA"
"RUA VITAL BRASIL, 1142 - BONSUCESSO - FORTALEZA"
"RUA VINTE E QUATRO DE MAIO, 1,23 - CENTRO - FORTALEZA"
"AVENIDA JOSE BASTOS, 4600 - PAN AMERICANO - FORTALEZA"
"RUA PADRE VALDEVINO, 999 - ALDEOTA - FORTALEZA"
"RUA THEODOMIRO DE CASTRO, 410 - ÃLVARO WEYNE - FORTALEZA"
"AVENIDA SENADOR VIRGILIO TAVORA, 2633 - DIONISIO TORRES - FORTALEZA"
"RUA ALMIRANTE RUBIM, 1660 - MONTESE - FORTALEZA"
"AVENIDA ALBERTO CRAVEIRO, 1973 - BOA VISTA - FORTALEZA"
"AVENIDA WASHINGTON SOARES, 9333 - GUAJERU - FORTALEZA"
"AVENIDA BORGES DE MELO, 1525 - G - ALTO DA BALANÃA - FORTALEZA"
"AVENIDA GAL. OSORIO DE PAIVA, 4530 - BOM JARDIM - FORTALEZA"
"AVENIDA AUGUSTO DOS ANJOS, 472 - PARANGABA - FORTALEZA"
"AVENIDA PRESIDENTE COSTA E SILVA, 898 - MONDUBIM - FORTALEZA"
"RUA RIO GRANDE DO SUL, 1240 - DEMOCRITO ROCHA - FORTALEZA"
"R.CLARINDO DE QUEIROZ,800, S/N - CENTRO - FORTALEZA"
"AVENIDA AUGUSTO DOS ANJOS, 997 - PARANGABA - FORTALEZA"
"AVENIDA RADIALISTA JOAO RAMOS, 1700 - PLANALTO AYRTON SENNA - FORTALEZA"
"AVENIDA MISTER HULL, 5608 - ANTÃNIO BEZERRA - FORTALEZA"
"AVENIDA ALBERTO CRAVEIRO, 4547 - PASSARÃ - FORTALEZA"
"AVENIDA HERACLITO GRACA, 1510 - ALDEOTA - FORTALEZA"
"AVENIDA CORONEL CARVALHO, 920 - VILA VELHA - FORTALEZA"
"RUA EQUADOR, 47 - MONTESE - FORTALEZA"
"AVENIDA GODOFREDO MACIEL, 3959 - MONDUBIM - FORTALEZA"
"AVENIDA ROGACIANO LEITE, 401 - PATRIOLINO RIBEIRO - FORTALEZA"
"AVENIDA AMERICO BARREIRA, 5525 - DEMOCRITO ROCHA - FORTALEZA"
"AVENIDA ROGACIANO LEITE, 1057 - GUARARAPES - FORTALEZA"
"RUA FRANCISCO LEANDRO, 250 - CURIO - FORTALEZA"
"AVENIDA ENGENHEIRO SANTANA JUNIOR, 2900 - PAPICU - FORTALEZA"
"RUA FELINO BARROSO, 52 - FATIMA - FORTALEZA"
"RUA   DIOGO CORREIA, 210 - JOÃO XXIII - FORTALEZA"
"AVENIDA PRESIDENTE COSTA E SILVA, 3602 - PREFEITO JOSE WALTER - FORTALEZA"
"RUA PADRE PEDRO DE ALENCAR, 54 - MESSEJANA - FORTALEZA"
"RODOVIA BR-116, 11055 - PARQUE SANTA MARIA - FORTALEZA"
"RUA VALPARAISO, 700 - CONJUNTO PALMEIRAS - FORTALEZA"
"RODOVIA BR-116, 6262 - MESSEJANA - FORTALEZA"
"AVENIDA MINISTRO JOSE AMERICO, 1281 - PARQUE IRACEMA - FORTALEZA"
"AVENIDA OSCAR ARARIPE, 1448 - BOM JARDIM - FORTALEZA"
"RUA DOUTOR JOAQUIM FROTA, 1000 - JOSE DE ALENCAR - FORTALEZA"
"AVENIDA D, 1289 - CONJUNTO CEARA - FORTALEZA"
"AVENIDA DOUTOR SILAS MUNGUBA, 5555 - BOA VISTA - FORTALEZA"
"RUA DOUTOR  ALFREDO WEYNE, 349 - ÃLVARO WEYNE - FORTALEZA"
"RUA PADRE PERDIGAO SAMPAIO, 377 - ANTONIO BEZERRA - FORTALEZA"
"AVENIDA RADIALISTA JOAO RAMOS, 2296 - PLANALTO AYRTON SENNA - FORTALEZA"
"RUA SAO  JOSE, 100 - CENTRO - FORTALEZA"
"AVENIDA VISCONDE DO RIO BRANCO, 5541 - AEROLANDIA - FORTALEZA"
"RUA URUCUTUBA, 1710 - SIQUEIRA - FORTALEZA"
"AVENIDA SARGENTO HERMINIO SAMPAIO, 2500 - VILA ELLERY - FORTALEZA"
"RODOVIA ANEL VIARIO, 2121 - ANCURI - FORTALEZA"
"AVENIDA BERNARDO MANUEL, 7221 - SERRINHA - FORTALEZA"
"AVENIDA PRESIDENTE CASTELO BRANCO, 1215 - MOURA BRASIL - FORTALEZA"
"RUA PESSOA ANTA, 35 - CENTRO - FORTALEZA"
"AVENIDA PRESIDENTE CASTELO BRANCO, 3100 - PIRAMBU - FORTALEZA"
"AVENIDA JOAO PESSOA, 7100 - PARANGABA - FORTALEZA"
"RUA ALMIRANTE RUBIM, 1640 - ITAOCA - FORTALEZA"
"AVENIDA DOUTOR RAUL BARBOSA, 1330 - ALTO DA BALANCA - FORTALEZA"
"AVENIDA DOS EXPEDICIONARIOS, 4474 - PARREAO - FORTALEZA"
"AVENIDA JOAO PESSOA, 6094 - DEMOCRITO ROCHA - FORTALEZA"
"AVENIDA PRESIDENTE COSTA E SILVA, 4007 - PARQUE DOIS IRMAOS - FORTALEZA"
"AVENIDA MAESTRO LISBOA, 1100 - JOSE DE ALENCAR - FORTALEZA"
"AVENIDA AMERICO BARREIRA, 4600 - DEMOCRITO ROCHA - FORTALEZA"
"AVENIDA I (CJ CEARA) - DE 801 AO FIM - LADO IMPAR, 845 - CONJUNTO CEARA II - FORTALEZA"
"RUA OSCAR FRANCA, 2469 - GRANJA LISBOA - FORTALEZA"
"AVENIDA BARAO DE STUDART, 3350 - JOAQUIM TAVORA - FORTALEZA"
"RUA OLAVO BILAC, 120 - SAO GERARDO - FORTALEZA"
"RUA NOGUEIRA ACIOLI, 767 - CENTRO - FORTALEZA"
"RODOVIA BR 116 KM 10.4, S/N - MESSEJANA - FORTALEZA"
"AVENIDA GODOFREDO MACIEL, 6060 - MARAPONGA - FORTALEZA"
"AVENIDA DEPUTADO PAULINO ROCHA, 3003 - CASTELAO - FORTALEZA"
"RUA PEDRO DE SOUSA, 547 - ANCURI - FORTALEZA"
"RUA DOUTOR ALFREDO WEYNE, 349 - ALVARO WEYNE - FORTALEZA"
"RUA DOUTOR JOSE LOURENCO, 1241 - ALDEOTA - FORTALEZA"
"AVENIDA CORONEL VIRGILIO NOGUEIRA, 930 - PARQUE SANTA CECILIA - FORTALEZA"
"RUA ENG ANTONIO FERREIRA ANTERO, 455 - COCO - FORTALEZA"
"AVENIDA JOVITA FEITOSA, 3175 - PARQUELANDIA - FORTALEZA"
"AVENIDA MISTER HULL, 3160 - ANTÔNIO BEZERRA - FORTALEZA"
"AVENIDA DR. THEBERGER, 1620 - COLÔNIA - FORTALEZA"
"AVENIDA PADRE ANTÔNIO TOMAZ, 945 - ALDEOTA - FORTALEZA"
"AVENIDA SARGENTO HERMÍNIO, 1176 - MONTE CASTELO - FORTALEZA"
"AVENIDA BARÃO STUDART, 2936 - ALDEODA - FORTALEZA"
"AVENIDA SANTOS DUMONT, 6130 - PAPIÇU - FORTALEZA"
"AVENIDA DEDÉ BRASIL, 1150 - ITAPERI - FORTALEZA"
"AVENIDA HISTORIADOR RAIMUNDO GIRÃO, 91 - PRAIA DE IRACEMA - FORTALEZA"
"RUA   DIOGO CORREIA, 210 - JOÃO XXIII - FORTALEZA"
"RUA CÔNEGO DE CASTRO, 5548 - PARQUE SANTA ROSA - FORTALEZA"
"AVENIDA DA ABOLIÇAO, 3998 - MUCURIPE - FORTALEZA"
"AVENIDA PRESIDENTE CASTELO BRANCO, 4277 - BARRA DO CEARÁ - FORTALEZA"
"AVENIDA ABOLIÇÃO, 2432 - MEIRELES - FORTALEZA"
"AV. DEDE BRASIL, 5,255 - CASTELÃO - FORTALEZA"
"AVENIDA 13 DE MAIO, 980 - BAIRRO DE FATIMA - FORTALEZA"
"AVENIDA DOS EXPEDICIONÁRIOS, 9977 - ITAPERI - FORTALEZA"
"RUA SENADOR ALVARO ADOLFO, 1789 - ANTÔNIO BEZERRA - FORTALEZA"
"AVENIDA SENADOR FERNANDES TÁVORA, 3281 - GENIBAL - FORTALEZA"
"RUA OSCAR ARARIPE, 3735 - GRANJA LISBOA - FORTALEZA"
"AVENIDA WASHINGTON SOARES, 4600 - CIDADE DOS FUNCIONÁRIOS - FORTALEZA"
"AVENIDA OLIVEIRA PAIVA, 1414 - CIDADE DOS FUNCIONÁRIOS - FORTALEZA"
"AVENIDA CARNEIRO DE MENDONÇA, 1158 - DEMOCRITO ROCHA - FORTALEZA"
"AVENIDA DOS EXPEDICIONÁRIOS, 5154 - MONTESE - FORTALEZA"
"AV. JOSÉ LEON, 1140 - JARDIM DAS OLIVEIRAS - FORTALEZA"
"AVENIDA AMÉRICO BARREIRA, 4855 - BELA VISTA - FORTALEZA"
"RUA BARAO DO RIO BRANCO, 2469 - JOSE BONIFACIO - FORTALEZA"
"RUA MONSENHOR SALAZAR, 1175 - TAUAPE - FORTALEZA"
"RUA PROF GOMES BRASIL, 475 - PARANGABA - FORTALEZA"
"RODOVIA DOUTOR MENDEL STEINBRUCH, 6060 - ARACAPE - FORTALEZA"
"AVENIDA DR THERBERGE, 1620 - COLONIA - FORTALEZA"
"AVENIDA RADIALISTA JOAO RAMOS, 1260 - PLANALTO AYRTON SENNA - FORTALEZA"
"AVENIDA ENGENHEIRO SANTANA JUNIOR, 1240 - PAPICU - FORTALEZA"
"RUA BARAO AQUIRAZ, 3101 - COACU - FORTALEZA"
"RODOVIA DOUTOR MENDEL STEINBRUCH, 6615 - PLANALTO AYRTON SENNA - FORTALEZA"
"AVENIDA ALBERTO CRAVEIRO, 1347 - BOA VISTA - FORTALEZA"
"RUA SARGENTO JOAO PINHEIRO, 804 - GRANJA LISBOA - FORTALEZA"
"AVENIDA GENERAL OSORIO DE PAIVA, 1632 - PARANGABA - FORTALEZA"
"RUA GODOFREDO MACIEL, 277 - PARANGABA - FORTALEZA"
"AVENIDA WASHINGTON SOARES, 5501 - JOSE DE ALENCAR - FORTALEZA"
"RUA MARIA BASTOS, 77 - LAGOA REDONDA - FORTALEZA"
"AVENIDA WASHINGTON SOARES, 6445 - JOSE DE ALENCAR - FORTALEZA"
"AVENIDA GENERAL OSORIO DE PAIVA, 621 - PARANGABA - FORTALEZA"
"RUA CONEGO DE CASTRO, 9651 - PARQUE PRESIDENTE VARGAS - FORTALEZA"
"RUA SENADOR POMPEU, 1958 - BENFICA - FORTALEZA"
"AVENIDA GENERAL OSORIO DE PAIVA, 2818 - BONSUCESSO - FORTALEZA"
"AVENIDA JOAO PESSOA, 6094 - MONTESE - FORTALEZA"
"RUA EQUADOR (EXPEDICIONARIOS), 47 - MONTESE - FORTALEZA"
"AVENIDA JOAO PESSOA, 5834 - DAMAS - FORTALEZA"
"RODOVIA QUARTO ANEL VIARIO, 1700 - MESSEJANA - FORTALEZA"
"AVENIDA DEPUTADO PAULINO ROCHA, 2000 - CAJAZEIRAS - FORTALEZA"
"RODOVIA BR 116, 5541 - ALTO DA BALANCA - FORTALEZA"
"RODOVIA BR 116, 356 - CAJAZEIRAS - FORTALEZA"
"AVENIDA SEN.FERNANDES TAVORA, 3281 - JOQUEI CLUBE - FORTALEZA"
"AVENIDA ALBERTO CRAVEIRO, 1200 - BOA VISTA - FORTALEZA"
"AVENIDA JUSCELINO KUBITSCHEK, 3500 - PASSARE - FORTALEZA"
"AVENIDA SANTOS DUMONT, 7700 - PAPICU - FORTALEZA"
"RUA DOUTOR PERGENTINO MAIA, 177 - MESSEJANA - FORTALEZA"
"AVENIDA ODILON GUIMARAES, 2130 - CURIO - FORTALEZA"
"AVENIDA DA ABOLICAO, 3998 - MUCURIPE - FORTALEZA"
"AVENIDA JOSE TORRES, 200 - GRANJA LISBOA - FORTALEZA"
"AVENIDA BERNARDO MANUEL, 9977 - DENDE - FORTALEZA"
"AVENIDA AUGUSTO DOS ANJOS, 1640 - BONSUCESSO - FORTALEZA"
"RUA PINTO MADEIRA, 1131 - ALDEOTA - FORTALEZA"
"RUA VITAL BRASIL, 2959 - GRANJA LISBOA - FORTALEZA"
"AVENIDA JUSCELINO KUBITSCHEK, 4547 - PASSARE - FORTALEZA"
"0        RODOVIA DOUTOR MENDEL STEINBRUCH, 6750 - ARACA...
1        AVENIDA OSORIO DE PAIVA, 6800 - SIQUEIRA - FOR...
2             AVENIDA 13 DE MAIO, 233 - FATIMA - FORTALEZA
3        AVENIDA HERACLITO GRAÃA, 20 - CENTRO - FORTALEZA
4        AVENIDA VISCONDE DO RIO BRANCO, 3826 - SÃO JO...
                               ...                        
35540    AVENIDA BERNARDO MANUEL, 9977 - DENDE - FORTALEZA
35968    AVENIDA AUGUSTO DOS ANJOS, 1640 - BONSUCESSO -...
36331        RUA PINTO MADEIRA, 1131 - ALDEOTA - FORTALEZA
36463    RUA VITAL BRASIL, 2959 - GRANJA LISBOA - FORTA...
36679    AVENIDA JUSCELINO KUBITSCHEK, 4547 - PASSARE -...
Name: endereco, Length: 434, dtype: object"
