endereco,Latitude,Longitude
"RODOVIA DOUTOR MENDEL STEINBRUCH, 6750 - ARACAPE - FORTALEZA",-3.8357564,-38.5852067
"AVENIDA OSORIO DE PAIVA, 6800 - SIQUEIRA - FORTALEZA",-3.813689,-38.6136964
"AVENIDA 13 DE MAIO, 233 - FATIMA - FORTALEZA",-3.7543326,-38.526521
"AVENIDA HERACLITO GRAÃA, 20 - CENTRO - FORTALEZA",-3.7353108,-38.5213508
"AVENIDA VISCONDE DO RIO BRANCO, 3826 - SÃO JOÃO DO TAUAPÃ - FORTALEZA",-3.754907,-38.5234478
"RUA CONEGO DE CASTRO, 2285 - MANOEL SATIRO - FORTALEZA",-3.7901847,-38.5806181
"AVENIDA RUI BARBOSA, 2929 - JOAQUIM TAVORA - FORTALEZA",-3.7484633,-38.5158556
"AVENIDA PONTES VIEIRA, 1341 - DIONISIO TORRES - FORTALEZA",-3.7520162,-38.5122432
"AVENIDA GENERALOSORIO DE PAIVA, 2818 - BONSUCESSO - FORTALEZA",-3.7878855,-38.5886147
"AVENIDA CARAPINIMA, 1756 - BENFICA - FORTALEZA",-3.7367999,-38.5397209
"AVENIDA PADRE ANTÃNIO TOMAZ, 945 - ALDEOTA - FORTALEZA",-3.7342617,-38.5021031
"AVENIDA TREZE DE MAIO, 1942 - BENFICA - FORTALEZA",-3.7444018,-38.5371334
"AVENIDA VISCONDE DO RIO BRANCO, 6450 - AEROLANDIA - FORTALEZA",-3.7578964,-38.5221693
"RUA DR. JOSE LOURENÃO, 1735 - ALDEOTA - FORTALEZA",-3.7373127,-38.5112114
"RUA FELINTO BARROSO, 52 - FATIMA - FORTALEZA",-3.74288,-38.5313906
"AVENIDA FRANCISCO SA, 2321 - JACARECANGA - FORTALEZA",-3.7211646,-38.5488707
"AVENIDA BARÃO STUDART, 2936 - ALDEODA - FORTALEZA",-3.7488491,-38.5140982
"AVENIDA VISCONDE DO RIO BRANCO, 3675 - JOAQUIM TAVORA - FORTALEZA",-3.7532591,-38.5227125
"RUA LAURO MAIA, 700 - FATIMA - FORTALEZA",-3.7466508,-38.525751
"AVENIDA BARAO DE STUDART, 1670 - ALDEOTA - FORTALEZA",-3.738729,-38.5106509
"PRACA CRISTO REDENTOR, SN - CENTRO - FORTALEZA",-3.7237548,-38.5223407
"AVENIDA JOSE BASTOS, 455 - PAN AMERICANO - FORTALEZA",-3.7603429,-38.5667616
"RUA CARAPINIMA, 2250 - BENFICA - FORTALEZA",-3.7399951,-38.5432702
"AVENIDA GODOFREDO MACIEL, 1725 - MARAPONGA - FORTALEZA",-3.7940472,-38.5714129
"RUA PERO COELHO, 271 - CENTRO - FORTALEZA",-3.7329635,-38.5248772
"AVENIDA 13 DE MAIO, 1488 - FATIMA - FORTALEZA",-3.7472631,-38.5340786
"AVENIDA SANTOS DUMONT, 6130 - PAPIÃU - FORTALEZA",-3.7895695,-38.5585407
"AVENIDA SANTOS DUMONT, 5259 - ALDEOTA - FORTALEZA",-3.7405653,-38.4869519
"AVENIDA BARAO DE STUDART, 2255 - ALDEOTA - FORTALEZA",-3.7437091,-38.5117301
"AVENIDA TREZE DE MAIO, 2235 - GENTILANDIA - FORTALEZA",-3.7431527,-38.5392934
"AVENIDA PRES CASTELO BRANCO, 240 - CENTRO - FORTALEZA",-3.7209416,-38.5301106
"AVENIDA SANTOS DUMONT, 2035 - ALDEOTA - FORTALEZA",-3.733487,-38.5083844
"RUA COSTA BARROS, 1515 - ALDEOTA - FORTALEZA",-3.730808,-38.5123253
"RUA ISRAEL BEZERRA, 1155 - DIONISIO TORRES - FORTALEZA",-3.7510284,-38.4933794
"AVENIDA PESSOA ANTA, 35 - PRAIA DE IRACEMA - FORTALEZA",-3.7210178,-38.5252755
"AVENIDA DA ABOLICAO, 3395 - VARJOTA - FORTALEZA",-3.7260573,-38.4917583
"AVENIDA PONTES VIEIRA, 2250 - DIONISIO TORRES - FORTALEZA",-3.7515237,-38.5044206
"PRACA GUSTAVO BARROSO, S N - JACARECANGA - FORTALEZA",-3.7237617,-38.5436169
"AVENIDA RAUL BARBOSA, 900 - PIO XII - FORTALEZA",-3.7646502,-38.5126749
"AVENIDA SANTOS DUMONT, 5450 - PAPICU - FORTALEZA",-3.7414032,-38.4857304
"AVENIDA ANTONIO SALES, 1340 - ALDEOTA - FORTALEZA",-3.7428682,-38.5144805
"AVENIDA HERACLITO GRAÃA, 1510 - ALDEOTA - FORTALEZA",-3.7354141,-38.5224528
"AVENIDA ANTONIO SALES, 2880 - DIONISIO TORRES - FORTALEZA",-3.7470755,-38.5009944
"AVENIDA ANTONIO JUSTA, 2400 - MEIRELES - FORTALEZA",-3.7268021,-38.5003246
"AVENIDA PRESIDENTE CASTELO BRANCO, 3100 - CRISTO REDENTOR - FORTALEZA",-3.7112763,-38.5602484
"AVENIDA ENGENHEIRO SANTANA JUNIOR, 2900 - PAPIÃU - FORTALEZA",-3.7427429,-38.4957334
"AVENIDA PROFESSOR GOMES DE MATOS, 38 - JARDIM AMERICA - FORTALEZA",-3.7548974,-38.5429612
"RUA BARAO DE ARACATI, 1747 - ALDEOTA - FORTALEZA",-3.7369999,-38.5156333
"AVENIDA ANTONIO SALES, 902 - ALDEOTA - FORTALEZA",-3.7421118,-38.5161669
"AV. DUQUE DE CAXIAS, 959, S/N - CENTRO - FORTALEZA",-3.7308585,-38.5356931
"RUA DR. JOSE LOURENÃO, 1241 - ALDEOTA - FORTALEZA",-3.7373127,-38.5112114
"RUA CARLOS VASCONCELOS, 2134 - ALDEOTA - FORTALEZA",-3.7404131,-38.5159172
"RUA BARAO DO RIO BRANCO, 2469 - CENTRO - FORTALEZA",-3.7399214,-38.5348993
"RUA BARAO DE STUDART, 3330 - ALDEOTA - FORTALEZA",-3.7524771,-38.5152924
"RUA SENADOR ALENCAR, 1181 - CENTRO - FORTALEZA",-3.7223916,-38.5389207
"RUA BARAO DE ARATANHA, 1344 - FATIMA - FORTALEZA",-3.7446725,-38.5330276
"AVENIDA AGUANAMBI, 384 - CENTRO - FORTALEZA",-3.7402449,-38.527738
"RUA CORONEL CARNEIRO DA CUNHA, 503 - MONTE CASTELO - FORTALEZA",-3.7248196,-38.5482392
"AVENIDA TREZE DE MAIO, 980 - FATIMA - FORTALEZA",-3.7502145,-38.5305973
"AVENIDA ENGENHEIRO ALBERTO SA, 1340 - PAPICU - FORTALEZA",-3.7361658,-38.4737318
"AVENIDA RAUL BARBOSA, 1330 - SÃO JOÃO DO TAUAPÃ - FORTALEZA",-3.7619198,-38.5109062
"RUA SEN. POMPEU, 1958 - CENTRO - FORTALEZA",-3.7357241,-38.5350654
"AVENIDA BARAO DE STUDART, 1050 - ALDEOTA - FORTALEZA",-3.733826,-38.5091263
"AVENIDA SANTOS DUMONT, 2484 - ALDEOTA - FORTALEZA",-3.7352653,-38.5053515
"AVENIDA SANTOS DUMONT, 3976 - ALDEOTA - FORTALEZA",-3.7396454,-38.4914847
"AVENIDA HISTORIADOR RAIMUNDO GIRÃO, 91 - PRAIA DE IRACEMA - FORTALEZA",-3.7197033,-38.5180667
"AVENIDA HERACLITO GRAÃA, 575 - CENTRO - FORTALEZA",-3.7347781,-38.5230419
"AVENIDA PADRE ANTONIO TOMAS, 3600 - PAPICU - FORTALEZA",-3.7468727,-38.4829801
"AVENIDA PRESIDENTE CASTELO BRANCO, 1215 - JACARECANGA - FORTALEZA",-3.7180994,-38.5409724
"RUA MONSENHOR SALAZAR, 1175 - PIO XII - FORTALEZA",-3.7555203,-38.5116897
"AVENIDA VISCONDE DO RIO BRANCO, 5922 - AEROLANDIA - FORTALEZA",-3.7550862,-38.5228559
"AVENIDA AGUANAMBI, 300 - JOSÃ BONIFÃCIO - FORTALEZA",-3.7560195,-38.5250531
"AVENIDA PONTES VIEIRA, 1700 - TAUAPE - FORTALEZA",-3.7520271,-38.5084691
"AVENIDA MISTER HULL, 3160 - ANTÃNIO BEZERRA - FORTALEZA",-3.736703,-38.5758615
"AVENIDA JOSE BASTOS, 3950 - DAMAS - FORTALEZA",-3.7526366,-38.5559312
"AVENIDA DOS EXPEDICIONÃRIOS, 5154 - MONTESE - FORTALEZA",-3.7639739,-38.5605639
"AVENIDA CORONEL  CARVALHO, 920 - JARDIM IRACEMA - FORTALEZA",-3.7102945,-38.5925156
"AVENIDA JOVITA FEITOSA, 3175 - PASQUELANDIA - FORTALEZA",-3.7398224,-38.5660028
"AVENIDA SANTOS DUMONT, 7700 - PAPIÃU - FORTALEZA",-3.7382716,-38.5130177
"AVENIDA AMÃRICO BARREIRA, 4855 - BELA VISTA - FORTALEZA",-3.7574294,-38.5625473
"AVENIDA BEZERRA DE MENEZES, 216 - FARIAS BRITO - FORTALEZA",-3.7308074,-38.544732
"AVENIDA DR. THEBERGER, 1620 - COLÃNIA - FORTALEZA",-3.7190493,-38.5692789
"AVENIDA SARGENTO HERMÃNIO, 1176 - MONTE CASTELO - FORTALEZA",-3.7251241,-38.5561538
"AVENIDA SENADOR FERNANDES TAVORA, 1450 - HENRIQUE JORGE - FORTALEZA",-3.7601215,-38.5883379
"AVENIDA BEZERRA DE MENEZES, 2323 - SAO GERARDO - FORTALEZA",-3.7361782,-38.5678858
"AVENIDA PROFESSOR GOMES DE MATOS, 1065 - MONTESE - FORTALEZA",-3.7620997,-38.5487536
"AVENIDA MISTER HULL, 4000 - ANTONIO BEZERRA - FORTALEZA",-3.737538,-38.5827124
"AVENIDA FRANCISCO SA, 5478 - CARLITO PAMPLONA - FORTALEZA",-3.71181,-38.5755938
"AVENIDA CORONEL CARVALHO, 1557 - JARDIM IRACEMA - FORTALEZA",-3.7162261,-38.5906208
"AVENIDA BERNARDO MANOEL, 8950 - PASSARE - FORTALEZA",-3.7977357,-38.5540127
"AVENIDA SENADOR VIRGILIO TAVORA, 1085 - ALDEOTA - FORTALEZA",-3.7366337,-38.4954103
"RUA BARAO DE SOBRAL, 311 - MONTESE - FORTALEZA",-3.7681726,-38.5548797
"AVENIDA PRES CASTELO BRANCO, 709 - JACARECANGA - FORTALEZA",-3.7193005,-38.5352071
"AVENIDA PROFESSOR GOMES DE MATOS, 915 - MONTESE - FORTALEZA",-3.7616019,-38.5473976
"TRAVESSA PARIS, 1133 - PAPICU - FORTALEZA",-3.7377135,-38.4858423
"AVENIDA PRESIDENTE COSTA E SILVA, 2721 - PARQUE DOIS IRMAOS - FORTALEZA",-3.8208145,-38.5602146
"RUA ENGENHEIRO ALBERTO SA, 246, S/N - NOVA ALDEOTA - FORTALEZA",-3.7334773,-38.4827057
"AVENIDA OLAVO BILAC, 120 - ÃLVARO WEYNE - FORTALEZA",-3.7218627,-38.5696244
"AVENIDA DESEMBARGADOR MOREIRA, 1621 - ALDEOTA - FORTALEZA",-3.7405549,-38.5020968
"RUA FRANCISCO MATTOS, 255 - PAPICU - FORTALEZA",-3.7453391,-38.4719317
"RUA ALBERTO MAGNO, 333 - MONTESE - FORTALEZA",-3.75597,-38.5445627
"AVENIDA CESAR CALS, 1641 - PRAIA DO FUTURO - FORTALEZA",-3.7260749,-38.4720313
"AVENIDA DEPUTADO OSWALDO STUDART, 888 - FATIMA - FORTALEZA",-3.7575135,-38.5347351
"AVENIDA SARG. HERMINIO SAMPAIO, 1500 - MONTE CASTELO - FORTALEZA",-3.724949,-38.5567759
"RUA PROF COSTA MENDES, 2007 - RODOLFO TEOFILO - FORTALEZA",-3.7470274,-38.558191
"AVENIDA FRANCISCO SA, 2815 - JACARECANGA - FORTALEZA",-3.7199347,-38.5533253
"AVENIDA VICENTE DE CASTRO, 5700 - MUCURIPE - FORTALEZA",-3.7151293,-38.4764526
"AVENIDA SEN.VIRGILIO TAVORA, 330 - MEIRELES - FORTALEZA",-3.7350422,-38.4954924
"RUA SENADOR ALVARO ADOLFO, 1789 - ANTÃNIO BEZERRA - FORTALEZA",-3.7339853,-38.5866875
"AVENIDA MISTER HULL, 4754 - ANTONIO BEZERRA - FORTALEZA",-3.7386775,-38.5896241
"RODOVIA BR 116, SN - MESSEJANA - FORTALEZA",-3.8116543,-38.5268492
"AVENIDA ALBERTO CRAVEIRO, 1921/41 - CASTELÃO - FORTALEZA",-3.799176,-38.5256349
"AVENIDA JOSE BASTOS, 1640 - BOM SUCESSO - FORTALEZA",-3.744765,-38.5477011
"AVENIDA SARGENTO HERMINIO, 2500 - ELLERY - FORTALEZA",-3.7265977,-38.5652844
"AVENIDA JOAO PESSOA,, 7100 - PARANGABA - FORTALEZA",-3.7720592,-38.5645774
"AVENIDA DA ABOLIÃAO, 3998 - MUCURIPE - FORTALEZA",-3.7259559,-38.4895749
"AVENIDA CESAR CALLS, 97 - PRAIA DO FUTURO - FORTALEZA",-3.7325111,-38.4794107
"AVENIDA BEZERRA DE MENEZES, 285 - FARIAS BRITO - FORTALEZA",-3.73135,-38.5449441
"RUA 15 DE NOVEMBRO, 605 - MONTESE - FORTALEZA",-3.7692452,-38.557199
"AVENIDA MOZART PINHEIRO DE LUCENA, 2400 - QUINTINO CUNHA - FORTALEZA",-3.7251374,-38.6005889
"AVENIDA ENG. SANTANA JUNIOR, 1240 - PAPICU - FORTALEZA",-3.7387417,-38.4866011
"AVENIDA DEDÃ BRASIL, 1150 - ITAPERI - FORTALEZA",-3.786565,-38.5521849
"AVENIDA DOS EXPEDICIONÃRIOS, 9977 - ITAPERI - FORTALEZA",-3.7885685,-38.559386
"AVENIDA CEL. CARVALHO, 360 - BARRA DO CEARA - FORTALEZA",-3.70617,-38.5936999
"AVENIDA EXPEDICIONARIOS, 240 - MONTESE - FORTALEZA",-3.779958,-38.5484006
"AVENIDA DA UNIVERSIDADE, 3555 - BENFICA - FORTALEZA",-3.7461905,-38.5461249
"AVENIDA PRESIDENTE CASTELO BRANCO, 4277 - BARRA DO CEARÃ - FORTALEZA",-3.7105721,-38.5783051
"RUA EDUARDO GIRAO, 288 - JARDIM AMÃRICA - FORTALEZA",-3.7472254,-38.5431318
"AVENIDA LUCIANO CARNEIRO, 721 - FATIMA - FORTALEZA",-3.7544696,-38.5358842
"AVENIDA BEZERRA DE MENEZES, 161 - OTAVIO BONFIM - FORTALEZA",-3.7316558,-38.548329
"AVENIDA MISTER HULL, 3300 - PRESIDENTE KENNEDY - FORTALEZA",-3.7370134,-38.5776254
"AV SEN. VIRGILIO TAVORA, 2099 - ALDEOTA - FORTALEZA",-3.7449384,-38.4981203
"AVENIDA HUMBERTO MONTE, 560 - RODOLFO TEOFILO - FORTALEZA",-3.753157,-38.5595781
"AVENIDA DOS EXPEDICIONÃRIOS, 4474 - BENFICA - FORTALEZA",-3.7418237,-38.5489537
"AVENIDA JOVITA FEITOSA, 464 - PARQUELANDIA - FORTALEZA",-3.7378588,-38.5505118
"AVENIDA JOVITA FEITOSA, 1195 - PARQUELÃNDIA - FORTALEZA",-3.7400593,-38.5577834
"AV. BEZERRA DE MENEZES, 1759 - SÃO GERARDO - FORTALEZA",-3.7348998,-38.5648927
"AVENIDA CARNEIRO DE MENDONÃA, 1158 - DEMOCRITO ROCHA - FORTALEZA",-3.7639,-38.5695349
"AVENIDA PROFESSOR GOMES DE MATOS, 1413 - MONTESE - FORTALEZA",-3.7644843,-38.5508195
"AVENIDA PRESIDENTE COSTA E SILVA, 4007 - PASSARÃ - FORTALEZA",-3.8186916,-38.5681312
"AVENIDA I, 845 - CONJUNTO CEARA - FORTALEZA",-3.7725434,-38.5998456
"AVENIDA WASHINGTON SOARES, 4370 - EDSON QUEIROZ - FORTALEZA",-3.795425,-38.4829266
"RUA BENJAMIM BRASIL, 1585 - MONDUBIM - FORTALEZA",-3.8068183,-38.5633377
"AVENIDA WASHINGTON SOARES, 611 - EDSON QUEIROZ - FORTALEZA",-3.7580469,-38.4887416
"AVENIDA DESEMBARGADOR GONZAGA, 45 - CIDADE DOS FUNCIONARIOS - FORTALEZA",-3.7876581,-38.5064007
"AVENIDA OLIVEIRA PAIVA, 868 - CIDADE DOS FUNCIONARIOS - FORTALEZA",-3.7970988,-38.5021132
"AVENIDA CORONEL VIRGÃLIO NOGUEIRA, 930 - PARQUE SANTA CECÃLIA - FORTALEZA",-3.7658896,-38.5850689
"AVENIDA GAL OSÃRIO DE PAIVA, 7487 - CANINDEZINHO - FORTALEZA",-3.8849878,-38.6726547
"RUA OLIMPIO LEITE, 400 - ALAGADICO NOVO - FORTALEZA",-3.8154719,-38.4839233
"RUA MARIA GOMES DE SA, 2150 - ARACAPE - FORTALEZA",-3.821121,-38.5883561
"AVENIDA WASHINGTON  SOARES, 6,6 - CAMBEBA - FORTALEZA",-3.7922326,-38.483173
"RUA ALVARO DE ALENCAR, 787 - CARLITO PAMPLONA - FORTALEZA",-3.7174327,-38.5607327
"AVENIDA OSCAR ARARIPE, 3130 - GRANJA LISBOA - FORTALEZA",-3.7849635,-38.6210281
"RUA VITAL BRASIL, 2959 - GRANJA PORTUGAL - FORTALEZA",-3.7756038,-38.6100353
"AVENIDA JOSE TORRES, 200 - GRANJA PORTUGAL - FORTALEZA",-3.7765587,-38.609072
"RUA MARIA JULIA, 48 - GRANJA PORTUGAL - FORTALEZA",-3.786213,-38.6005159
"AVENIDA JULIO BRAGA, 1999 - JOAO XXIII - FORTALEZA",-3.7743893,-38.5900115
"RUA CONEGO DE CASTRO, 6041 - PARQUE SANTA ROSA - FORTALEZA",-3.8157016,-38.6018983
"RUA CÃNEGO DE CASTRO, 5548 - PARQUE SANTA ROSA - FORTALEZA",-3.8117804,-38.6001223
"AVENIDA LUIS VIEIRA, 835 - PARQUE SAO JOSE - FORTALEZA",-3.7915265,-38.5913078
"RUA HERIBALDO COSTA, 450 - HENRIQUE JORGE - FORTALEZA",-3.756806,-38.5846639
"AVENIDA AUGUSTO DOS ANJOS, 472 - JOÃO XXIII - FORTALEZA",-3.7789949,-38.5891982
"AVENIDA ROGACIANO LEITE, 986 - GUARARAPES - FORTALEZA",-3.7663034,-38.4992084
"AVENIDA GODOFREDO MACIEL, 4015 - MONDUBIM - FORTALEZA",-3.8099652,-38.5764448
"AVENIDA A, 855 - CONJUNTO CEARA - FORTALEZA",-3.770139,-38.6069366
"RUA CARLOS CHAGAS, 864 - BOM SUCESSO - FORTALEZA",-3.7790202,-38.5904953
"AVENIDA ROGACIANO LEITE, 2400 - COCO - FORTALEZA",-3.7762805,-38.503253
"AVENIDA WASHINGTON SOARES, 4600 - CIDADE DOS FUNCIONÃRIOS - FORTALEZA",-3.7990225,-38.4823344
"AVENIDA WASHINGTON SOARES, 5501 - MECEJANA - FORTALEZA",-3.8078606,-38.4812279
"AVENIDA OLIVEIRA PAIVA, 2163 - CID FUNCIONARIOS - FORTALEZA",-3.7960627,-38.4895727
"AVENIDA GODOFREDO MACIEL, 2400 - MARAPONGA - FORTALEZA",-3.7961252,-38.5735444
"RUA PROFESSOR GOMES BRASIL, 475 - PARANGABA - FORTALEZA",-3.7777989,-38.5757712
"AVENIDA WASHINGTON SOARES, 1010 - MESSEJANA - FORTALEZA",-3.8378232,-38.4836642
"AV. DEDE BRASIL, 5,255 - CASTELÃO - FORTALEZA",-3.8328753,-38.5664821
"RUA VITORIA, 577 - HENRIQUE JORGE - FORTALEZA",-3.7575008,-38.5869317
"AVENIDA DEDÃ BRASIL, 5555 - PASSARÃ - FORTALEZA",-3.7933105,-38.6020178
"AVENIDA DOUTOR SILAS MUNGUBA, 2745 - SERRINHA - FORTALEZA",-3.7864397,-38.5516244
"AVENIDA GAL OSORIO DE PAIVA, 2450 - PARANGABA - FORTALEZA",-3.786418,-38.5865772
"RUA GERMANO FRANK, 725 - PARANGABA - FORTALEZA",-3.7775475,-38.5646877
"AVENIDA GODOFREDO MACIEL, 6060 - MONDUBIM - FORTALEZA",-3.8271901,-38.5827628
"AVENIDA GODOFREDO MACIEL, 3489 - PARANGABA - FORTALEZA",-3.8059484,-38.5751029
"RUA AFONSO LOPES, 142 - ITAPERI - FORTALEZA",-3.7884127,-38.5495711
"AVENIDA WASHINGTON SOARES, 1370 - EDSON QUEIROZ - FORTALEZA",-3.7708945,-38.4850595
"AVENIDA VALDIR DIOGO, 700 - PARQUE SANTO ANTONIO - FORTALEZA",-3.8041822,-38.588362
"AV.GODOFREDO MACIEL, 6380 - MONDUBIM - FORTALEZA",-3.831513,-38.5837709
"AVENIDA GENERAL OSORIO DE PAIVA, 5348 - BOM JARDIM - FORTALEZA",-3.8034325,-38.6036322
"AVENIDA DEDÃ BRASIL, 3484 - SERRINHA - FORTALEZA",-3.7909409,-38.5537111
"AVENIDA OSORIO DE PAIVA, 621 - PARANGABA - FORTALEZA",-3.7766465,-38.5698736
"RUA WALDIR DIOGO, 200 - MONDUBIM - FORTALEZA",-3.8071278,-38.5831447
"AVENIDA GODOFREDO MACIEL, 5785 - MONDUBIM - FORTALEZA",-3.8253869,-38.5813363
"AVENIDA GODOFREDO MACIEL, 585 - PARANGABA - FORTALEZA",-3.785304,-38.571347
" AV.OSORIO DE PAIVA,1632, S/N - VILA PERY - FORTALEZA",-3.7817796,-38.5791423
"AVENIDA GODOFREDO MACIEL, 277 - PARANGABA - FORTALEZA",-3.7790533,-38.5669615
"AVENIDA DEDE BRASIL, 1555 - PARANGABA - FORTALEZA",-3.7888399,-38.5564098
"RUA VITAL BRASIL, 1790 - GRANJA PORTUGAL - FORTALEZA",-3.7782783,-38.5992784
"RUA EMILIO DE MENESES, 623 - BOM SUCESSO - FORTALEZA",-3.7819795,-38.5897512
"AVENIDA MINISTRO JOSE AMERICO, 532 - CAMBEBA - FORTALEZA",-3.8110546,-38.4974394
"RUA  STENIO GOMES, 956 - JARDIM DAS OLIVEIRAS - FORTALEZA",-3.7882495,-38.502144
"AVENIDA DOS EXPEDICIONARIOS, 8710 - SERRINHA - FORTALEZA",-3.7834724,-38.5494893
"RUA EMILIO DE MENEZES, 1190 - BOM SUCESSO - FORTALEZA",-3.7802686,-38.594396
"RUA DOUTOR THOMPSON BULCAO, 850 - LUCIANO CAVALCANTE - FORTALEZA",-3.7679092,-38.4991711
"AV. JOSÃ LEON, 1140 - JARDIM DAS OLIVEIRAS - FORTALEZA",-3.7881871,-38.5038235
"AVENIDA COSTA E SILVA, 3101 - JANGURUSSU - FORTALEZA",-3.8222246,-38.5555331
"AVENIDA DOUTOR SILAS MUNGUBA, 3485 - SERRINHA - FORTALEZA",-3.7893117,-38.5450079
"AVENIDA OLIVEIRA PAIVA, 1414 - CIDADE DOS FUNCIONÃRIOS - FORTALEZA",-3.7970433,-38.5000803
"AVENIDA WASHINGTON SOARES, 2050 - ENGENHEIRO LUCIANO CAVALCANTE - FORTALEZA",-3.7767278,-38.4845488
"AVENIDA F, 800 - PREFEITO JOSE WALTER - FORTALEZA",-3.8345659,-38.5631489
"RUA NEREU RAMOS, 60 - PARANGABA - FORTALEZA",-3.7868776,-38.5697517
"AVENIDA DOS EXPEDICIONARIOS, 10775 - ITAPERI - FORTALEZA",-3.8137056,-38.558286
"AVENIDA OSCAR ARARIPE, 3735 - GRANJA LISBOA - FORTALEZA",-3.783955,-38.6259074
"AVENIDA ALBERTO CRAVEIRO, 2585 - CASTELAO - FORTALEZA",-3.8024909,-38.522597
"RODOVIA BR 116, 356 - AEROLANDIA - FORTALEZA",-3.8226736,-38.5904389
"RODOVIA BR 116, 9310 - BARROSO - FORTALEZA",-3.8223488,-38.5063663
"AVENIDA JORNALISTA TOMAZ COELHO, 410 - MESSEJANA - FORTALEZA",-3.8321136,-38.5025844
"RUA FREI CIRILO, 3889 - MESSEJANA - FORTALEZA",-3.818299,-38.4993979
"AVENIDA EDILSON BRASIL SOARES, 1718 - EDSON QUEIROIS - FORTALEZA",-3.7887948,-38.4734797
"AVENIDA BORGES  DE  MELO, 1277 - VILA   UNIAO - FORTALEZA",-3.7600848,-38.5329122
"RODOVIA BR 116, 10,4 - MESSEJANA - FORTALEZA",-3.7959544,-38.5098479
"RUA ENGENHEIRO ANTÃNIO FERREIRA ANTERO, 455 - COCÃ - FORTALEZA",-3.7933105,-38.6020178
"AVENIDA CASTELO DE CASTRO, 262 - JANGURUSSU - FORTALEZA",-3.8285009,-38.5242528
"AVENIDA CASTELO CASTRO, 459 - JANGURUSSU - FORTALEZA",-3.8332315,-38.5239401
"AVENIDA JORNALISTA TOMAZ COELHO, 1878 - JANGURUSSU/MESSEJANA - FORTALEZA",-3.8287983,-38.5144755
"AVENIDA ODILON GUIMARAES, 2130 - LAGOA REDONDA - FORTALEZA",-3.8205219,-38.4783364
"RODOVIA BR 116 KM 12, 2928 - PARQUE SANTA MARIA - FORTALEZA",-3.8552729,-38.498901
"AVENIDA CAROLINA SUCUPIRA, 330 - ALDEOTA - FORTALEZA",-3.7413563,-38.5028557
"RUA CORONEL ERNESTO MATOS, 582 - MESSEJANA - FORTALEZA",-3.8326142,-38.4925172
"RUA PADRE VALDEVINO, 1713 - ALDEOTA - FORTALEZA",-3.7413834,-38.5115864
"AVENIDA VISCONDE DO RIO BRANCO, 6300 - AEROLANDIA - FORTALEZA",-3.7543505,-38.522901
"AVENIDA .DEP. PAULINO ROCHA, 2000 - CASTELAO - FORTALEZA",-3.8109445,-38.5181356
"AVENIDA DESEMBARGADOR MOREIRA, 2528 - DIONISIO TORRES - FORTALEZA",-3.7477235,-38.5047506
"AVENIDA ALBERTO CRAVEIRO, 494 - CASTELAO - FORTALEZA",-3.7823366,-38.5193832
"RUA PADRE PEDRO DE ALENCAR, 626 - MESSEJANA - FORTALEZA",-3.8330484,-38.4971965
"AVENIDA MAESTRO LISBOA, 1680 - LAGOA REDONDA - FORTALEZA",-3.8083172,-38.4672546
"AVENIDA DEPUTADO PAULINO ROCHA, 3003 - CASTELÃO - FORTALEZA",-3.8096382,-38.52563
"AVENIDA DR. JOSE ARTHUR DE CARVALHO, 1535 - LAGOA REDONDA - FORTALEZA",-3.8254128,-38.4762461
"RODOVIA BR 116, 2620 - CAJAZEIRAS - FORTALEZA",-3.8080286,-38.5043454
"AVENIDA PRESIDENTE COSTA E SILVA, 3300 - MONDUBIM - FORTALEZA",-3.8289091,-38.5271186
"AVENIDA   ALBERTO CRAVEIRO, 3559 - PASSARE - FORTALEZA",-3.8122196,-38.5311898
"RUA DOUTOR PERGENTINO MAIA, 808 - MESSEJANA - FORTALEZA",-3.8317323,-38.4901466
"AV. MANOEL MAVIGNIER, 3345 - LAGOA REDONDA - FORTALEZA",-3.8051621,-38.4517208
"RUA   PEDRO DE SOUSA, 547 - ANCURI - FORTALEZA",-3.852504,-38.5026414
"AVENIDA DEPUTADO PAULINO ROCHA, 1100 - CAJAZEIRAS - FORTALEZA",-3.8067165,-38.5112067
"RODOVIA BR 116, 5885 - AEROLANDIA - FORTALEZA",-3.7729044,-38.5184856
"AVENIDA QUARTO ANEL VIARIO, 1700 - MESSEJANA - FORTALEZA",-3.859491,-38.5431555
"AVENIDA DEDE BRASIL, 1530 - ITAPERI - FORTALEZA",-3.7847084,-38.5562582
"AVENIDA LUCIANO CARNEIRO, 1990 - VILA UNIAO - FORTALEZA",-3.7655748,-38.5396594
"AVENIDA OLIVEIRA PAIVA, 245 - CIDADE DOS FUNCIONARIOS - FORTALEZA",,
"AVENIDA MONSENHOR TABOSA, 1054 - MEIRELES - FORTALEZA",,
"RUA PADRE PERDIGAO SAMPAIO, 473 - QUINTINO CUNHA - FORTALEZA",,
"AVENIDA DOM  LUIS, 970 - ALDEOTA - FORTALEZA",,
"RUA JOSE TORRES, 1228 - GRANJA PORTUGAL - FORTALEZA",,
"AVENIDA PONTES VIEIRA, 1485 - DIONISIO TORRES - FORTALEZA",,
"RUA ASPIRANTE MENDES, 358 - AEROLANDIA - FORTALEZA",,
"AVENIDA VISCONDE DO RIO BRANCO, 3680 - JOAQUIM TAVORA - FORTALEZA",,
"RUA NOGUEIRA ACIOLY, 767 - ALDEOTA - FORTALEZA",,
"RUA PINTO MADEIRA, 1131 - CENTRO - FORTALEZA",,
"AVENIDA PROFESSOR GOMES DE MATOS, 1166 - MONTESE - FORTALEZA",,
"RUA 24 DE MAIO, 1230 - CENTRO - FORTALEZA",,
"RUA CONEGO DE CASTRO, 4670 - PARQUE SANTA ROSA - FORTALEZA",,
"RUA CORONEL MATOS DOURADO, 814 - ANTONIO BEZERRA - FORTALEZA",,
"RUA DOUTOR  ALISIO MAMEDE, 463 - VARJOTA - FORTALEZA",,
"RUA GRACA ARANHA, 150 - BARRA DO CEARA - FORTALEZA",,
"RUA JOAQUIM NABUCO, 2050 - DIONISIO TORRES - FORTALEZA",,
"AVENIDA AGUANAMBI, 1579 - BAIRRO DE FATIMA - FORTALEZA",,
"AVENIDA ABOLIÃÃO, 2432 - MEIRELES - FORTALEZA",,
"AVENIDA WASHINGTON SOARES, 2565 - EDSON QUEIROZ - FORTALEZA",,
"AVENIDA SANTOS DUMONT, 3636 - ALDEOTA - FORTALEZA",,
"AVENIDA FRANCISCO SA, 2707 - CARLITO PAMPLONA - FORTALEZA",,
"AVENIDA JOÃO PESSOA, 6094 - DAMAS - FORTALEZA",,
"AVENIDA ANTONIO SALES, 13 - PIEDADE - FORTALEZA",,
"AVENIDA FRANCISCO SA, 3965 - CARLITO PAMPLONA - FORTALEZA",,
"AVENIDA LINEU MACHADO, 560 - PICI - FORTALEZA",,
"RUA.OSCAR ARARIPE,390, S/N - BOM JARDIM - FORTALEZA",,
"AV JORNALISTA TOMAZ COELHO, 2960 - JANGURUSSU - FORTALEZA",,
"RUA PROF HERIBALDO COSTA, 1590 - JOAO XXIII - FORTALEZA",,
"AVENIDA SENADOR FERNANDES TÃVORA, 3281 - GENIBAL - FORTALEZA",,
"RUA OSCAR FRANCA, 51 - BOM JARDIM - FORTALEZA",,
"AVENIDA PRES. CASTELO BRANCO, 4666 - BARRA DO CEARÃ - FORTALEZA",,
"AVENIDA HUMBERTO MONTE, 2550 - BELA VISTA - FORTALEZA",,
"AVENIDA MINISTRO JOSE AMERICO DE ALMEIDA, 1281 - CAMBEBA - FORTALEZA",,
"RUA VITAL BRASIL, 1132 - BONSUCESSO - FORTALEZA",,
"AVENIDA JOSE BASTOS, 3250 - RODOLFO TEOFILO - FORTALEZA",,
"AVENIDA ROGACIANO LEITE, 401 - SANTA LUZIA DO COCO - FORTALEZA",,
"AVENIDA BORGES DE MELO, 1277 - VIÃA UNIÃO - FORTALEZA",,
"RUA PERGENTINO MAIA, 177 - MESSEJANA - FORTALEZA",,
"AVENIDA ODILON GUIMARAES, 1600 - LAGOA REDONDA - FORTALEZA",,
"AVENIDA GODOFREDO MACIEL, 2560 - MONDUBIM - FORTALEZA",,
"AVENIDA ALBERTO CRAVEIRO, 4547 - BOA VISTA - FORTALEZA",,
"AVENIDA MISTER HULL, 3112 - ANTÃNIO BEZERRA - FORTALEZA",,
"AVENIDA ESTRADA BARAO DE AQUIRAZ, 2530 - COACU - FORTALEZA",,
"AVENIDA ALBERTO CRAVEIRO, 4547 - DIAS MACEDO - FORTALEZA",,
"AVENIDA JOAO PESSOA, 4901 - DAMAS - FORTALEZA",,
"RUA VITORIA, 1255 - HENRIQUE JORGE - FORTALEZA",,
"AVENIDA GAL OSORIO DE PAIVA, 1851 - VIL PERY - FORTALEZA",,
"AVENIDA BENJAMIM BRASIL, 404 - MONDUBIM - FORTALEZA",,
"RUA VITAL BRASIL, 1142 - BONSUCESSO - FORTALEZA",,
"RUA VINTE E QUATRO DE MAIO, 1,23 - CENTRO - FORTALEZA",,
"AVENIDA JOSE BASTOS, 4600 - PAN AMERICANO - FORTALEZA",,
"RUA PADRE VALDEVINO, 999 - ALDEOTA - FORTALEZA",,
"RUA THEODOMIRO DE CASTRO, 410 - ÃLVARO WEYNE - FORTALEZA",,
"AVENIDA SENADOR VIRGILIO TAVORA, 2633 - DIONISIO TORRES - FORTALEZA",,
"RUA ALMIRANTE RUBIM, 1660 - MONTESE - FORTALEZA",,
"AVENIDA ALBERTO CRAVEIRO, 1973 - BOA VISTA - FORTALEZA",,
"AVENIDA WASHINGTON SOARES, 9333 - GUAJERU - FORTALEZA",,
"AVENIDA BORGES DE MELO, 1525 - G - ALTO DA BALANÃA - FORTALEZA",,
"AVENIDA GAL. OSORIO DE PAIVA, 4530 - BOM JARDIM - FORTALEZA",,
"AVENIDA AUGUSTO DOS ANJOS, 472 - PARANGABA - FORTALEZA",,
"AVENIDA PRESIDENTE COSTA E SILVA, 898 - MONDUBIM - FORTALEZA",,
"RUA RIO GRANDE DO SUL, 1240 - DEMOCRITO ROCHA - FORTALEZA",,
"R.CLARINDO DE QUEIROZ,800, S/N - CENTRO - FORTALEZA",,
"AVENIDA AUGUSTO DOS ANJOS, 997 - PARANGABA - FORTALEZA",,
"AVENIDA RADIALISTA JOAO RAMOS, 1700 - PLANALTO AYRTON SENNA - FORTALEZA",,
"AVENIDA MISTER HULL, 5608 - ANTÃNIO BEZERRA - FORTALEZA",,
"AVENIDA ALBERTO CRAVEIRO, 4547 - PASSARÃ - FORTALEZA",,
"AVENIDA HERACLITO GRACA, 1510 - ALDEOTA - FORTALEZA",,
"AVENIDA CORONEL CARVALHO, 920 - VILA VELHA - FORTALEZA",,
"RUA EQUADOR, 47 - MONTESE - FORTALEZA",,
"AVENIDA GODOFREDO MACIEL, 3959 - MONDUBIM - FORTALEZA",,
"AVENIDA ROGACIANO LEITE, 401 - PATRIOLINO RIBEIRO - FORTALEZA",,
"AVENIDA AMERICO BARREIRA, 5525 - DEMOCRITO ROCHA - FORTALEZA",,
"AVENIDA ROGACIANO LEITE, 1057 - GUARARAPES - FORTALEZA",,
"RUA FRANCISCO LEANDRO, 250 - CURIO - FORTALEZA",,
"AVENIDA ENGENHEIRO SANTANA JUNIOR, 2900 - PAPICU - FORTALEZA",,
"RUA FELINO BARROSO, 52 - FATIMA - FORTALEZA",,
"RUA   DIOGO CORREIA, 210 - JOÃO XXIII - FORTALEZA",,
"AVENIDA PRESIDENTE COSTA E SILVA, 3602 - PREFEITO JOSE WALTER - FORTALEZA",,
"RUA PADRE PEDRO DE ALENCAR, 54 - MESSEJANA - FORTALEZA",,
"RODOVIA BR-116, 11055 - PARQUE SANTA MARIA - FORTALEZA",,
"RUA VALPARAISO, 700 - CONJUNTO PALMEIRAS - FORTALEZA",,
"RODOVIA BR-116, 6262 - MESSEJANA - FORTALEZA",,
"AVENIDA MINISTRO JOSE AMERICO, 1281 - PARQUE IRACEMA - FORTALEZA",,
"AVENIDA OSCAR ARARIPE, 1448 - BOM JARDIM - FORTALEZA",,
"RUA DOUTOR JOAQUIM FROTA, 1000 - JOSE DE ALENCAR - FORTALEZA",,
"AVENIDA D, 1289 - CONJUNTO CEARA - FORTALEZA",,
"AVENIDA DOUTOR SILAS MUNGUBA, 5555 - BOA VISTA - FORTALEZA",,
"RUA DOUTOR  ALFREDO WEYNE, 349 - ÃLVARO WEYNE - FORTALEZA",,
"RUA PADRE PERDIGAO SAMPAIO, 377 - ANTONIO BEZERRA - FORTALEZA",,
"AVENIDA RADIALISTA JOAO RAMOS, 2296 - PLANALTO AYRTON SENNA - FORTALEZA",,
"RUA SAO  JOSE, 100 - CENTRO - FORTALEZA",,
"AVENIDA VISCONDE DO RIO BRANCO, 5541 - AEROLANDIA - FORTALEZA",,
"RUA URUCUTUBA, 1710 - SIQUEIRA - FORTALEZA",,
"AVENIDA SARGENTO HERMINIO SAMPAIO, 2500 - VILA ELLERY - FORTALEZA",,
"RODOVIA ANEL VIARIO, 2121 - ANCURI - FORTALEZA",,
"AVENIDA BERNARDO MANUEL, 7221 - SERRINHA - FORTALEZA",,
"AVENIDA PRESIDENTE CASTELO BRANCO, 1215 - MOURA BRASIL - FORTALEZA",,
"RUA PESSOA ANTA, 35 - CENTRO - FORTALEZA",,
"AVENIDA PRESIDENTE CASTELO BRANCO, 3100 - PIRAMBU - FORTALEZA",,
"AVENIDA JOAO PESSOA, 7100 - PARANGABA - FORTALEZA",,
"RUA ALMIRANTE RUBIM, 1640 - ITAOCA - FORTALEZA",,
"AVENIDA DOUTOR RAUL BARBOSA, 1330 - ALTO DA BALANCA - FORTALEZA",,
"AVENIDA DOS EXPEDICIONARIOS, 4474 - PARREAO - FORTALEZA",,
"AVENIDA JOAO PESSOA, 6094 - DEMOCRITO ROCHA - FORTALEZA",,
"AVENIDA PRESIDENTE COSTA E SILVA, 4007 - PARQUE DOIS IRMAOS - FORTALEZA",,
"AVENIDA MAESTRO LISBOA, 1100 - JOSE DE ALENCAR - FORTALEZA",,
"AVENIDA AMERICO BARREIRA, 4600 - DEMOCRITO ROCHA - FORTALEZA",,
"AVENIDA I (CJ CEARA) - DE 801 AO FIM - LADO IMPAR, 845 - CONJUNTO CEARA II - FORTALEZA",,
"RUA OSCAR FRANCA, 2469 - GRANJA LISBOA - FORTALEZA",,
"AVENIDA BARAO DE STUDART, 3350 - JOAQUIM TAVORA - FORTALEZA",,
"RUA OLAVO BILAC, 120 - SAO GERARDO - FORTALEZA",,
"RUA NOGUEIRA ACIOLI, 767 - CENTRO - FORTALEZA",,
"RODOVIA BR 116 KM 10.4, S/N - MESSEJANA - FORTALEZA",,
"AVENIDA GODOFREDO MACIEL, 6060 - MARAPONGA - FORTALEZA",,
"AVENIDA DEPUTADO PAULINO ROCHA, 3003 - CASTELAO - FORTALEZA",,
"RUA PEDRO DE SOUSA, 547 - ANCURI - FORTALEZA",,
"RUA DOUTOR ALFREDO WEYNE, 349 - ALVARO WEYNE - FORTALEZA",,
"RUA DOUTOR JOSE LOURENCO, 1241 - ALDEOTA - FORTALEZA",,
"AVENIDA CORONEL VIRGILIO NOGUEIRA, 930 - PARQUE SANTA CECILIA - FORTALEZA",,
"RUA ENG ANTONIO FERREIRA ANTERO, 455 - COCO - FORTALEZA",,
"AVENIDA JOVITA FEITOSA, 3175 - PARQUELANDIA - FORTALEZA",,
"AVENIDA MISTER HULL, 3160 - ANTÔNIO BEZERRA - FORTALEZA",,
"AVENIDA DR. THEBERGER, 1620 - COLÔNIA - FORTALEZA",,
"AVENIDA PADRE ANTÔNIO TOMAZ, 945 - ALDEOTA - FORTALEZA",,
"AVENIDA SARGENTO HERMÍNIO, 1176 - MONTE CASTELO - FORTALEZA",,
"AVENIDA BARÃO STUDART, 2936 - ALDEODA - FORTALEZA",,
"AVENIDA SANTOS DUMONT, 6130 - PAPIÇU - FORTALEZA",,
"AVENIDA DEDÉ BRASIL, 1150 - ITAPERI - FORTALEZA",,
"AVENIDA HISTORIADOR RAIMUNDO GIRÃO, 91 - PRAIA DE IRACEMA - FORTALEZA",,
"RUA   DIOGO CORREIA, 210 - JOÃO XXIII - FORTALEZA",,
"RUA CÔNEGO DE CASTRO, 5548 - PARQUE SANTA ROSA - FORTALEZA",,
"AVENIDA DA ABOLIÇAO, 3998 - MUCURIPE - FORTALEZA",,
"AVENIDA PRESIDENTE CASTELO BRANCO, 4277 - BARRA DO CEARÁ - FORTALEZA",,
"AVENIDA ABOLIÇÃO, 2432 - MEIRELES - FORTALEZA",,
"AV. DEDE BRASIL, 5,255 - CASTELÃO - FORTALEZA",,
"AVENIDA 13 DE MAIO, 980 - BAIRRO DE FATIMA - FORTALEZA",,
"AVENIDA DOS EXPEDICIONÁRIOS, 9977 - ITAPERI - FORTALEZA",,
"RUA SENADOR ALVARO ADOLFO, 1789 - ANTÔNIO BEZERRA - FORTALEZA",,
"AVENIDA SENADOR FERNANDES TÁVORA, 3281 - GENIBAL - FORTALEZA",,
"RUA OSCAR ARARIPE, 3735 - GRANJA LISBOA - FORTALEZA",,
"AVENIDA WASHINGTON SOARES, 4600 - CIDADE DOS FUNCIONÁRIOS - FORTALEZA",,
"AVENIDA OLIVEIRA PAIVA, 1414 - CIDADE DOS FUNCIONÁRIOS - FORTALEZA",,
"AVENIDA CARNEIRO DE MENDONÇA, 1158 - DEMOCRITO ROCHA - FORTALEZA",,
"AVENIDA DOS EXPEDICIONÁRIOS, 5154 - MONTESE - FORTALEZA",,
"AV. JOSÉ LEON, 1140 - JARDIM DAS OLIVEIRAS - FORTALEZA",,
"AVENIDA AMÉRICO BARREIRA, 4855 - BELA VISTA - FORTALEZA",,
"RUA BARAO DO RIO BRANCO, 2469 - JOSE BONIFACIO - FORTALEZA",,
"RUA MONSENHOR SALAZAR, 1175 - TAUAPE - FORTALEZA",,
"RUA PROF GOMES BRASIL, 475 - PARANGABA - FORTALEZA",,
"RODOVIA DOUTOR MENDEL STEINBRUCH, 6060 - ARACAPE - FORTALEZA",,
"AVENIDA DR THERBERGE, 1620 - COLONIA - FORTALEZA",,
"AVENIDA RADIALISTA JOAO RAMOS, 1260 - PLANALTO AYRTON SENNA - FORTALEZA",,
"AVENIDA ENGENHEIRO SANTANA JUNIOR, 1240 - PAPICU - FORTALEZA",,
"RUA BARAO AQUIRAZ, 3101 - COACU - FORTALEZA",,
"RODOVIA DOUTOR MENDEL STEINBRUCH, 6615 - PLANALTO AYRTON SENNA - FORTALEZA",,
"AVENIDA ALBERTO CRAVEIRO, 1347 - BOA VISTA - FORTALEZA",,
"RUA SARGENTO JOAO PINHEIRO, 804 - GRANJA LISBOA - FORTALEZA",,
"AVENIDA GENERAL OSORIO DE PAIVA, 1632 - PARANGABA - FORTALEZA",,
"RUA GODOFREDO MACIEL, 277 - PARANGABA - FORTALEZA",,
"AVENIDA WASHINGTON SOARES, 5501 - JOSE DE ALENCAR - FORTALEZA",,
"RUA MARIA BASTOS, 77 - LAGOA REDONDA - FORTALEZA",,
"AVENIDA WASHINGTON SOARES, 6445 - JOSE DE ALENCAR - FORTALEZA",,
"AVENIDA GENERAL OSORIO DE PAIVA, 621 - PARANGABA - FORTALEZA",,
"RUA CONEGO DE CASTRO, 9651 - PARQUE PRESIDENTE VARGAS - FORTALEZA",,
"RUA SENADOR POMPEU, 1958 - BENFICA - FORTALEZA",,
"AVENIDA GENERAL OSORIO DE PAIVA, 2818 - BONSUCESSO - FORTALEZA",,
"AVENIDA JOAO PESSOA, 6094 - MONTESE - FORTALEZA",,
"RUA EQUADOR (EXPEDICIONARIOS), 47 - MONTESE - FORTALEZA",,
"AVENIDA JOAO PESSOA, 5834 - DAMAS - FORTALEZA",,
"RODOVIA QUARTO ANEL VIARIO, 1700 - MESSEJANA - FORTALEZA",,
"AVENIDA DEPUTADO PAULINO ROCHA, 2000 - CAJAZEIRAS - FORTALEZA",,
"RODOVIA BR 116, 5541 - ALTO DA BALANCA - FORTALEZA",,
"RODOVIA BR 116, 356 - CAJAZEIRAS - FORTALEZA",,
"AVENIDA SEN.FERNANDES TAVORA, 3281 - JOQUEI CLUBE - FORTALEZA",,
"AVENIDA ALBERTO CRAVEIRO, 1200 - BOA VISTA - FORTALEZA",,
"AVENIDA JUSCELINO KUBITSCHEK, 3500 - PASSARE - FORTALEZA",,
"AVENIDA SANTOS DUMONT, 7700 - PAPICU - FORTALEZA",,
"RUA DOUTOR PERGENTINO MAIA, 177 - MESSEJANA - FORTALEZA",,
"AVENIDA ODILON GUIMARAES, 2130 - CURIO - FORTALEZA",,
"AVENIDA DA ABOLICAO, 3998 - MUCURIPE - FORTALEZA",,
"AVENIDA JOSE TORRES, 200 - GRANJA LISBOA - FORTALEZA",,
"AVENIDA BERNARDO MANUEL, 9977 - DENDE - FORTALEZA",,
"AVENIDA AUGUSTO DOS ANJOS, 1640 - BONSUCESSO - FORTALEZA",,
"RUA PINTO MADEIRA, 1131 - ALDEOTA - FORTALEZA",,
"RUA VITAL BRASIL, 2959 - GRANJA LISBOA - FORTALEZA",,
"AVENIDA JUSCELINO KUBITSCHEK, 4547 - PASSARE - FORTALEZA",,
"0        RODOVIA DOUTOR MENDEL STEINBRUCH, 6750 - ARACA...
1        AVENIDA OSORIO DE PAIVA, 6800 - SIQUEIRA - FOR...
2             AVENIDA 13 DE MAIO, 233 - FATIMA - FORTALEZA
3        AVENIDA HERACLITO GRAÃA, 20 - CENTRO - FORTALEZA
4        AVENIDA VISCONDE DO RIO BRANCO, 3826 - SÃO JO...
                               ...                        
35540    AVENIDA BERNARDO MANUEL, 9977 - DENDE - FORTALEZA
35968    AVENIDA AUGUSTO DOS ANJOS, 1640 - BONSUCESSO -...
36331        RUA PINTO MADEIRA, 1131 - ALDEOTA - FORTALEZA
36463    RUA VITAL BRASIL, 2959 - GRANJA LISBOA - FORTA...
36679    AVENIDA JUSCELINO KUBITSCHEK, 4547 - PASSARE -...
Name: endereco, Length: 434, dtype: object",,
